Address,Tickets
0x0006ff65741a0ff04030c02b97862872071b19f7,1
0x002d4505c2d066942773ca1c1c19faca78cb4999,1
0x002f396ecf7163b4f4f2b5c353347229a7454b1b,1
0x00457cc43e30b4dd064ad63d27d2cad78bdf18d8,1
0x005a3e49af2cf567d655c6ccb3e5982e1d55e72b,5
0x009ef10a08d50ea87dfadf5af93fc74892ae86cf,1
0x00de3a8bdee6e682c3509d66a947d05a8ca797af,1
0x00fea8628b8b9403ca088c0231b1805a24303a6f,1
0x012345e6fa44eed2df2443c739e65165861e0842,5
0x01348f50406198ed37447a9cf2f0c28a6df6cce2,1
0x013918fc30619a0e327923be778085a42f11301f,2
0x014607f2d6477badd9d74bf2c5d6356e29a9b957,1
0x018f680ff270c8338e16581da828f7c3f0870bc0,1
0x0192ef1d04285377c829bb4498b621b8c667b00a,1
0x019c2ff4fffca234ebb9125c93e7c2c8cc566e6e,1
0x01a49cb0eeeee3ce15db7c9c45bbea626828b011,1
0x01b34540b6ef7b028399af3bebd5308c75bca652,1
0x01b86aeebcd1ff94ac1195cfc8fd9e39db24db45,1
0x01ec104757e899ea43629e0bc2710b5d4d4ec803,1
0x01f32ad4d07dbe3cca1a7539555b199d63cc1270,1
0x020014f870548dc7c7ae14633350ee98719a64da,2
0x02218d7baba70d55f26e0299413022fb1a8336f5,1
0x022460d1a41aad2a7bbb2ae982fcb1d0ace9120e,1
0x022ba2a9f380735e598d8df603c77d8249e6d1d7,1
0x02455cbd2713e997b34cb32cef9658e474093df7,2
0x0253102344c6d2ddf896d02d6fe1a274cb321a8a,1
0x028065ee2a8dcab4eac8c19681eac3c41f1f1d19,1
0x02a07ea8c622a3934349b20dfe1b72011c7e3adc,1
0x02ce19d0e71e91c2429e799f9ad0a2b967528ba8,1
0x02d15a4f1896c88855edbafa709fc47178482591,3
0x0333f6c7b94c154f8c3d8f89cc34523103aab704,1
0x033ba0f5ac89da505f3d18e995ba0dd74c368345,1
0x033f55c88cdc22e2d16f32a6cea39a358ee3848b,1
0x0391e547f87865cfa87f424be5b1ae852eda9cbd,1
0x03a2846f70d87d4bea007496457503fe78c07b07,1
0x03c39763234858fdd6305724ee86a36880a1addf,1
0x041dddc85c4dab099f0a9672302853dfc9e93037,1
0x042a19271d4fdb81cc543090536c6a28cdb7c924,1
0x047a758884df040d8536e88f2d82086b1b7493f8,1
0x0482b7c6ea6d9d8879730981057612985956413c,1
0x0490b9b2f86ae5500d4f81cf70aa086f3e5db356,1
0x04a18139b104924889c3e04632416c14ec16c45a,1
0x04a903b982242143c57ed39f31ee0c2ed22e1a1a,1
0x04b06f682460da38eee22f705c8f279eb5c8d8c4,1
0x04b610b6bf0e742071f5e262f4d49eb630c631b5,1
0x053f26ccdd6ba8af579535cecbad79565120ee78,1
0x0540ae8688145966d24e38d7be0d9c4874487ba4,3
0x0556dd67f8b18fce1ae470e156a1bb4ccee698be,1
0x055adfd910c81db0c07801c69956334b4375649e,1
0x0560bf3966f3391774896aef77aa355e8127ab12,1
0x0573b2f29ab41d9bdfe769b634ee8cb6cfef92d6,1
0x057a5990e367fb60013afba63760623e590ac260,1
0x05b1ef80bbb3c0c1dea997f4f7dc0227fdfb4df5,1
0x05bd6d96e1d26cd3d82b69ae55a4ce57e0fc070c,1
0x05ddabbf86f6d4c0fcad0ab6e57de5bb725db611,1
0x05dddb10cb08be7201981cb620291ea63e80489d,1
0x05e4801db0a7a22847b849a24d64661f50e44433,1
0x065b3cbac55890f1784de523cadfac8372707d53,1
0x067bc14fe35e50a0fa21048e13759477a5e3097f,1
0x068eea92e8fb48c0c044d6d60ff08ed78e3f26b1,1
0x06bdf9eb3d96e6c33e394222ca9a352d719fa4de,2
0x06ef2a874d46d54cfcfcb798463a553455d16108,1
0x07004624e3160dc1ea100a52482b4b987b08a197,1
0x071544163d4300011821d360af3c4b51414784d9,1
0x0748f08f6ba801e270976c666794d3338a670940,5
0x078f8d02117134466f940c38a378c3ee85954783,1
0x079346db0e838eb92922d9e55e540ad75e439816,4
0x0793d88aa8e7c1865c291a23a9988fb30cbef32a,1
0x07d2b483a942341682633e1448d6630757fe2fd3,1
0x07e1a44e62a12dd3be3301ed59cf6e5c18c2788c,1
0x07eea956584b75624814646ad01c6653377310af,1
0x080a3d599c6656632e042f20e9f75b8880849191,1
0x080e1ecca089088761a978f610bdfea8e94e0309,1
0x08694d2bb1573853fa3e33536dd5ad2380fbef1e,1
0x0875e754d0ab75337ee4a9cb619a53f19dcf6434,1
0x089506e015701a6e4b75e9879aa32cdc5fa2da6a,3
0x089c4980fa9700e81b0fc4b75473929b691c7f99,2
0x08b296a897b1c8a033066a34dfde80c66a825d7b,4
0x08b4afb2b20e8ef42e5c0530032605191fb94b06,1
0x08d3ca277c4f4af565806eaca6d28137d1a0851d,1
0x08e3a28cc6ced05d5da9f5b578a06fecec063350,6
0x08e6a05137d3ca0e7ad4d6a140f03c8d2cc0068b,1
0x08f7ee5e78553c3e2ae1d823cd23aa01efe4a8c1,1
0x08fbbd722421674603f8062e6b916f65015920f5,1
0x093a258fc42a7164093ed92401b0a1affe24cb9e,1
0x0944f42caa5e846943c0641d1a47ed7b81fc5325,21
0x0947bae8a50e74c7d6acd2f6a09d4287256bdcd8,2
0x09542ee8b95f20ad07fb1794c81bbb637c079f3a,2
0x095505eacfd86bf47ee65967f78734516dd4c558,1
0x09638e4d52881aefa610ef028e1b0df3481eb527,1
0x0974ff7e79d93c462421f23520c0e6ba300dcb97,2
0x097c7659e9bc91effa85b85dc1880a7cbb36133c,1
0x09a1432d33f519121c08eaa816435cb9961a394a,1
0x09d4745cfa9ca51312837bfa232e342c0a880195,1
0x09fd4ad08938a63738db7b9dbbb12f7e36768185,2
0x0a06f85c8bbd02578ad22c463f8d17276eb4987f,17
0x0a72b56ce331cf97b9c693a08dce49a9566753b1,1
0x0a7e7e6ea011f025c138441aca11a801a23f6ddb,1
0x0a927397310a06b3df98345c982661253e88370e,1
0x0a9ac2295b5c128fbaa012412c3646af0eb5e0e6,2
0x0a9d90e8cf0a398fd3cd9ddda266d861c68a1a1c,16
0x0b1e1614d2ac795b87ad7ee1053b1002c3da7d13,1
0x0b3d052673e31b09397639695719aefb27a7ede4,1
0x0b4636b83655aa71d8c4fe14fa6773ab2b77ca98,1
0x0b52658d58661bf33ead3324470d4254de50d4f4,1
0x0b533eb73df0f023309d8bea6c15faa8bf3b99c5,1
0x0b6d9ce75dbe9ada76e6e849b21961523b685b96,3
0x0b872cff018d04f77965c65029a67c9c61da606c,25
0x0bae49dd2176ba5bfbfef7847e0b451394cfe97d,1
0x0bcc7a5f181a17bc896ccc575f03a2e168f79d89,1
0x0c0d7a7213cd4f5e7f112f35a0095c317267e354,2
0x0c41684841245296da6c5dfca8e9cd0bd47181d1,1
0x0c59e359780fd3124aaa58ca91a8b1d5a340af56,1
0x0c71fc96146a36baf36ff1befebdfc2cab8e8ebf,24
0x0cbc714f05730ab1e89fe857935f560f85271d84,1
0x0ce6a432eaf0fa856a7c774170999db207748240,3
0x0d26c0995a8677a49bea08c9f9e87f5e50e5180b,1
0x0d5c238188bf8fdcffbd29178621cf213904f7a9,3
0x0d697a2c9303e959eb6117e64aa54e0138dfbcdc,1
0x0d7cf9acfd45b897ac221f027110792a37f37d8f,25
0x0d90ca66c8ab7812183c40b727a2e4d85534cd53,1
0x0e46e507f7afec2d0e8605b44a1b7f3f8d8524e5,1
0x0e9890b4bfdce2088be85934661b19efe367d3c2,1
0x0ec5e6656f15851072f67eeaee50fcf76174cd07,1
0x0ed0db38c8ed2199387415a77e47473bf7d047ea,1
0x0f5be4758df7a2ee60fc416fc78516d01d2dec23,1
0x0fac6dfdfe875b4695ea5c8dd4b73bfa206ba044,31
0x0fca811a977ba867d67305259c04d5f19867f280,2
0x0ff5b34ef7b595a200c95744662e6ab618d62c93,1
0x0ffa0ea3c67f75fa8395d59907031a5d1a96e4a2,2
0x100ee93639b5bb81cf1fb694f3874cc336439bc6,88
0x1017ab69e3d4af57bfc6fa633df91b8702664278,1
0x102e046086bd39a188cb7362e36f8e566f9cce0b,1
0x10624482c7bc810afc66839b1618795f4a39c6e6,4
0x10757ec587134e9ccaf938bc75721d5a775ba56a,11
0x1093a7394afb514646bb4866a414df304c39945e,1
0x109fdd7a1b5c709e174387b74b4f333578faf5d2,1
0x10a3717098bede5e26a023ea0b79f7fb39971db9,20
0x10be1b383f677f79097e369da3a0eeec91f60abd,1
0x10fd850781a5cb6ef4417d3aa4bdd886f71d4492,1
0x112f5a17017aec056bea8890138a4faae6bb4e37,1
0x1144b036ee12d0ecbd98c6b96d954775f5c604a8,1
0x1194ab36968da4295d53cd5f4483a02161baf3d5,1
0x11a04750983e4a0a6c5df5c0fa349890a08f9001,5
0x11b90f0cb3502f993984b282cb05da34cc5e7589,1
0x11bc303a3b41bb4ec92fc14c8f421757dd78729d,1
0x11ec7959afaa84c37b940ec7ad93688baa0b4d63,1
0x120f8d691e359561abc080c2a9c98a1de7a9fd08,20
0x1226679e3b02f51855d11ec77623869b0b3f1b08,1
0x124eff429a09c8f7a722a74c1a806f5c4223bf8b,1
0x126de63c2239d8619bf1707c10c70803ad74b0b1,1
0x12913d68db94f4fb8b4194309744d923b34a4793,1
0x129e36a628f675e58c932d0417232619ce068b25,6
0x12a190df1b8a826d681b9febc280ddea1e2d607f,1
0x12bc54e2503d5752930eaa204fc96245995c0d19,1
0x12f86c9d92a040d6727c2094eda9a6eedea7f153,7
0x1353d09093495a763dc84c6b04a256e254042d25,1
0x139dc1a1b0025e968e561202f33a1f3f1942eade,1
0x13b7baf109a606e8b31ef789e488ae9c9b695680,1
0x13c879c6c8a6fe321129dfb1440951b2b202bb6e,1
0x140cee4bf3ce5fcdfec9893e134eccc1c9abf4c6,1
0x1430ee6d367ae9bf381862c188ca92d14c5636f1,1
0x14a44d92c24bce9c05a7650ec5df15e61f01121b,16
0x14b028067fd7362de5e8bd8e110f8af76c4d4e94,1
0x14cbf96e813100222216c42f4a302fd2e0c6762f,1
0x14cee23a36f6b134c5a12dd0f86d84100657b2ee,7
0x14cfe9c7fcfcb610e22b1c6cf1b41b1b7f615523,1
0x15179bdd69b7a83ed7df95786a41f5a5e1eb36b4,1
0x154f9a8ab909c917d8d33bbcf3e8ff0056280b0b,1
0x1565af8fbe4d1c83d174327c594eecb46c804cba,1
0x157b0e0107c1ddcece36dfa7fea2ba033a8420ec,1
0x157b45e3d1b1db77280cd47ade47035b60b53cab,1
0x159e43b9a73d96802a842eac5f5296b69dc79b12,1
0x159feb6a973e41c124ca92e9da5284c15048e839,1
0x15bbb35baf7bf24c6fed02a10a52b28f21c2c452,1
0x15c80962682753794cd75c5bf32fd9164eb8bcb2,8
0x15cdef016e0b65432c1fd4ec8367e88d1a52392a,1
0x15eb585735334db4b0b75919e5990e6391863b39,8
0x1604a36630aec790cc30898dbb5ae2aeab04de0f,1
0x1613f9e08ed0d563b130c7057a7ec55e7fbac75f,1
0x16210df9958f5cc10f73e9a6af35759fadb385af,2
0x16a571e75892b3da863be1d7ce0ef4fd45d00c3c,2
0x16afa841dab9b525e6140bcadf878c38b01ad000,51
0x16e339cb87de4c3d158df09c24c6475b5ccf5c9d,1
0x1716b1bb07a2af34217e7d318e3eae94f0fc7c9a,1
0x179f573886518b073a05f74c7b13229157bd0bcd,1
0x17c062882e91d16311cf1a83d3b6f56e109d5ee1,1
0x17da4a1fe1b6da3ea7a2dcd1aa0430083668bce5,1
0x17fb2c61448fb56ac6b04c76c944974ec23ae3a4,20
0x18044b15f604876bd347540583dea0ab3b0d6108,1
0x181323887ece52c9df6d2cb8040841be8ce3b934,1
0x18183752f66ceb4fedce5e20fbe80afd9a401f06,1
0x1831570e2145ce1048eb566edb9612ec867aa736,6
0x1835a02af76cdc44989680cba88d494d4accfc6d,1
0x184ca4411a9f5ff954440968eecd98b545f2080f,1
0x1864c57a6f8d3b10984ad0eace6c94027eb9f1db,23
0x186c9cb23eca53121ead82d00dc454294ffaa898,1
0x18fb971fb75f424446a79c0c072d2be8652a15e8,1
0x19254919bef42ad4b0af074d7dc175cef027ea06,1
0x192fa6c3a6159599a9beb2984bed5dc47ee537f0,1
0x1940b8f3af25f0473adaf29b185ddb8e116e9429,1
0x1980c3aad2a2bbc500863fc62111d18f472c81ce,1
0x198732955dabc1c4c2b400d0d56aa82a5085ace0,4
0x19c3d024b877d80e6d9489a93cd624b55a7c47bf,2
0x19da4d36184dd9022e87423d009ebf8fdebd1133,4
0x19e3ac7f67ce95e862eb7b4f69dac114d475ae18,2
0x1a01e9d86e657dafe5715a555135359d63e785de,1
0x1a0e001ff0f2db07165eca1934f9471413fcd792,1
0x1a14ade2bfe228b927c16b0add96b902fa1cad09,2
0x1a4f2f7dbb387aab1448a1a7848ef2f80e8296c2,1
0x1a6852be3b0ad9c5a9f77e00c9469b95507f7f88,1
0x1aaafdf7717bc98f84019e43c236597e1ddfe9b3,1
0x1ad135b1250716214d74ebe8188e9dd6ce7d0785,1
0x1b0acfc216cfafd2346239de356fc2c11625b23d,1
0x1b132962a14811681a23fd4136971a7504eab6c6,1
0x1b40f9af59f0912e53d2ed86610ee64f8b9863ac,3
0x1b57ed6e4b4c15b635fd07620b039c322046340c,1
0x1b6aa1020730c9c7b158e05d74f390a16140cc27,80
0x1bb3447699a05869c4e9db7a1de538dc8a52d44c,1
0x1c0ed538b74d7861e8606e4db92ec98cf8f49953,1
0x1c16bebdfd072e678d49fb8bdc894981ebb10feb,1
0x1c20b756f320f5d9b76cdfb35480858c0a9c2fc9,6
0x1c3d195c294b1bcd719d607ad4795c58e39e7440,1
0x1c4032a72bcb769823fa15953d69e8e56afbf62f,2
0x1c49f3dcef4e0de461583e3806a678164ac54dc4,1
0x1c54dcbd6149223405f1ed69bfc3c4a090903787,1
0x1c56efdea219a90231d617218d3849e93de674cd,6
0x1c5bcd18f619ff20b5327fddae218bd705d26720,1
0x1c686203d0daff862d7dbfa0fa94dc4a69a93120,1
0x1c69e6edc075231ab98acab18db3564455e3c47a,2
0x1c8d831a0a40512aa834494040259c655e9f69fe,1
0x1c9c442b924784d575a4024fcbc2ef110998cfd4,4
0x1cba8d5a3bcf90f2ddf1bb50376de76f97cd7c73,1
0x1cf9ed8ee7383721ea695406f10deb71834a460b,1
0x1d51c4008809ec53fe40adb833f854d104201a3d,1
0x1d70c2a498e60bbed0a51cc126ca2582bace0120,1
0x1dd9e7b421bb7c1160479c1e86e44c3b7914626e,1
0x1de47bfbf4d039bb261d34059647e06a7ed3a76b,1
0x1dfca0adc180ba38270d6210260cb0270e00f3e3,1
0x1e109b6c42a44d839d6a0e66548cafa6adad1435,2
0x1e1565868151b822bd7633cd99e5e2c14f16a047,1
0x1e2440b891a49d59bf73d183f2d1c68d5a5db890,1
0x1e2b4917e315f57b27f49157b23e2177443e318c,1
0x1e514480c340bf0f5747a661e735cec32d5f677e,1
0x1ee202e46e8b3b76858b6dd2e77e4ca49176e18f,1
0x1f485c3ebd44b2da1ae9dfc9b8241e562ff0c1f6,1
0x1fe86e913f7b8e01fd9cd19e69548618f33396b1,1
0x2016cbd93439ac9fc1a8568f54908e909590f56a,1
0x2018f2de97eb497b077fbeb1727952ffd0be4e10,1
0x201a953f70198929dfd6078ccc3efb36de279612,1
0x203adba4e9b4b0e0ad665dd205d9d84f1e761925,1
0x203bb27f0440457f228a818a91e236ed9f827ef9,1
0x2056b410fa063d8aa8b994d3b62330c008bb4b30,1
0x206391ff2f4bb86911062c62c5b40789bd11392f,1
0x20e4b20bb2594f4f28565c3ce59622140c93cca0,13
0x20e82da62cb356d2c73aac73c2d7036c74e84619,1
0x20fca272df6d67bc02e7092a40af8da7b38e3264,1
0x2109460ce6fe8f3b58f7d96224f25b344b9361b8,1
0x210c9a86a56d026a72263af5400e7bd187063a68,1
0x210fdb9f3889048a46e78b7b5df8e0d07f63448b,1
0x21268088c6a695f2bb26c54ed411144277777777,1
0x21428ac70db3fd83c481e7d082154d7ae52ba47a,1
0x21b588ad81ecf65816e89c47e25a1303fcb8e862,1
0x21ee1aa1e3c6e3b07d3db67befa8e8d3e1fa4a56,1
0x2201984489e1c110dc7befd703982861ae3b60ad,5
0x22216ab61794a08195ce4bf9ed93ef69bf2aa139,1
0x22503fb363c59a850cde44f72733dba635bab5fa,1
0x228a1ee2be82427ebbb2861fe060ee8a7ecbce88,3
0x229a2a10368fd146aaf6586b6c46bbed78f1c76d,1
0x22a8407e6fb6a1a3bfce5d46725bb10957ec2a24,9
0x22ca15d654293e5ebc5946b27ae3924fbb2d39ad,4
0x230fff0799ab093c7677360fffb536ba7cd4638f,1
0x23143909394581265d9866befbbd520645925792,2
0x2331b7933c957101391ace878c069a3b5819a647,2
0x2337d8379434ee8b488175061ee864e92fcd67d2,1
0x23459526039599c167b05a59c9bb27a8272ac053,1
0x238d134fbf127bf8e66e3fb0867f5ee819414cfd,2
0x23a1f31bd7b25d15cd2ac4f3af5e8d6a2078bbb1,1
0x23be3534962db8f63acb2e95b21da66e93fe7dfd,1
0x23be5fba1ba9c07ee676250040db99474da72997,1
0x23c45c4ab53d8b4edad1a77e200ff12d5ddf13f4,26
0x23d0a9b0a5de9737fd52cf255fbf446e469203c6,1
0x23d3b5bef53969595aa4df212a6b83ff3f3def8b,1
0x23e90e1794feaef2ce88ff9b4fa73f46ffae934a,9
0x23ebbb5a64c983d96876fa370c6ffd4dc1729ed8,1
0x23ee739530231e7aff44a386dcbab639a6c04c92,1
0x243a8567272f9eabf2fa8ee35528622a4d65365e,1
0x24737102d92b04f6e5a9851bffc7e780e3d3acfb,1
0x24b062f00393445e5e0377e02633fa79212f6cfc,1
0x24c25c6bbd8e721d0557c0f5c7fdd3bd4713519a,7
0x24c33752fc0fbac817be5f461767ec2ba7df41e5,1
0x24d09b3726a78465e9d9c48c2def10607e417f86,1
0x24ec1fb91b230d03933251f24f7f60911b312642,5
0x255839888a76992b3061e6bf12b45e0a7b130c51,1
0x2567f2fdbc4585dedcaf6170056d5359e0de6e8d,6
0x25f5d6f3443da89b1402bdd20ba09caf2dd95668,1
0x25fe77f5ed732fecb74c6e7c97ced6cc69acd3e5,1
0x26013b787aac632a92483f669e2de85103ad2536,11
0x26080a291e1d190ee9c6042d88b2648208916553,1
0x2684da0d2e5c1d1dfeaa8048b4dd7400b4605bf7,1
0x26a82539ec570b74e65298decb04dd32e061e4a0,1
0x27146cd533760e0867db2647dad531fde92d80ef,3
0x272da454d6c3a7b1534f4ee68df36f5692e844c3,1
0x27389101b10b247cc3ed1fad9ac11ada9ae49be5,1
0x278a2b7f751fb50524c94316128e3e5a3482c10c,2
0x27f5a19a89952b2d2763fa7b75563f9d27c3c884,1
0x281902c9979eb100c5ca8935bd84a70c79b87c18,1
0x2839ebc267b4ff3fd7b29a1c0c62aebe086a2e21,1
0x2868db08578820e1d38abd70ff0c08b3d7f3c6d1,1
0x287a1d0af3aa9f5ff1e5c9eabbf383779d097831,1
0x28d7100e24926786cf39038687b2f0d6ccb8dd93,7
0x28df4dc6e82959d8032bc79f86091149f026022b,1
0x28ef8c03c46bfb1cb2ae21d497c4a37f30e507f4,1
0x290deed9fe4c092bf2b0c812bbd981d183af3ca2,20
0x291d96a0d89af1875d99ad1f9a5f39280683a1f7,1
0x291faab19ff394d75764108d4bf2429ae9c95acb,1
0x2928fa8fac24eaf9c56f48bdafb5ef6ad08e3941,1
0x29344cd21271b5613739fe8b94906a028c5e3cd4,1
0x2953aa575e0639543e203943b3c8e84564a6d8de,1
0x297a41d4190b9d3361f5d017e80c488770cc98e5,1
0x29caa7ca585700dc772ec2735d7032c81252b803,6
0x29d0314b9dc9f6e4dcf90edd40247e3b166f74eb,2
0x29e2d7fd5a67dc0e70a70f23b51621d4f41fd195,4
0x2a0ef2c50b6c33d82bfaf42386f78e92b616f8e0,1
0x2a1e0ff93693f6defb9748d3c93e9e6ad3e55260,1
0x2a236802f7af911c36127ebaaeb808ce8866506d,1
0x2a430f44a21f1fdd42859247714c07944aa6160e,1
0x2a4ee754e720218c541da5b128d87a2a87479f13,1
0x2a4fa08b3ed314f74c6f9f3757a6990dca586a37,1
0x2a9991754eb2f134f6cc128253170ebc32041114,1
0x2b6374f7d6ad0fc7a83ab8f36729a97b6a316e26,1
0x2b6fb7e115a6708b26a3f4eb2eb16c327237f8a0,1
0x2bf7bb270836e7102df86f3605b986f6b6adb35f,1
0x2bffb24d05712cd675d947f36eb59a77c610f1b6,1
0x2c1f21b5ed95c698c6f264a8411acf8eaf927b02,3
0x2c9a38293ee25f18fdba29e01b82812909494ad9,1
0x2cbe51fcf2257b6b28d458f4f8a61a4c8070f2fa,1
0x2cc82e67f95de18c70a09591e5dac388930d60bb,1
0x2cda87baeaf88efbc877b539a63b5f304e9040f4,1
0x2cea0f55ae8c0639648d542f93cfb4b993f71f69,1
0x2d2c17949cb8a41dafe66eb19cfebb222ca0ede9,1
0x2d44851b5ea6c8f19c878f5298daf7dee34788eb,1
0x2d4eb91cddea03a2a55ccca343147eca764076e2,1
0x2d59917729e54c9c7dfda0f2cd2f6969f577b758,1
0x2d9c83a761188afe7f826c642e49a5e574ff61c4,1
0x2dad74dd23617158ad1cec05611f7fc1e5b38a58,27
0x2dbc54d6993a1db9be6431292036641ec73e8c70,1
0x2def1d5163d95ae2c386a8091bf314cc89bf142d,1
0x2df215d7eb20bf627beac1b98bbad9e9899c7664,1
0x2df6c1f593c92a6801122365bbead57e19f32352,1
0x2e0edcf5c0bbd9fcd5a6c9dbc7b5f39207f60e8a,1
0x2e2f9e636edbec27e449d7099b879f5dee3d295f,1
0x2e570bf19bfb86c43ae163336ba4ba946f3a05f8,1
0x2e60f181a09f560b864055423be88d31a2902588,1
0x2e85d0a021eda2fda2cfe3ef38734dde93613c03,2
0x2ea5335677e3633bd416452bc3af8068abbe24d6,1
0x2ec31068d6451510841578981081124a0f75cc64,1
0x2ef50c0e4e32737c2514b59ecc8f3c511368b609,2
0x2f00ec31652d35f0aa5bbd72520bee6069f6fb36,1
0x2f020d75e4e8bd8af539f9df87c82f66f58909fd,5
0x2f119bda9ec541d1ca150fad1d7dd7eb79d7d4ac,1
0x2f25255a21f643dcca62e740600c59ff9ac4f18d,1
0x2f611fcdd0e969fba007d479ce19dc507922ba27,1
0x2fa2059a8158dd288c330438f1f8db86f91a0432,1
0x2fe15dd5638058c7991acce0e84e618dcd9cb318,1
0x30016e0196e62cb0063b19a96e3480cba35988d4,1
0x300d9f515cff8e8949c09047c8d1e008ab5dab87,2
0x302bcf86c67f434d5197864c0006b9317fe9ebc1,1
0x30398e68d1946860bbd669a78d0ed09a0c14325e,1
0x305efe68ade36f0988a384a6d7fa0fb7228fc2de,1
0x307185632d8cb3f4736339e43d52e7c44c4411df,1
0x307c1acb1ab890ad4ca79922d7e0a22cf8719594,1
0x30a3d9e9f2f106f9b73e7d57c44222713d40c1b9,1
0x30c39374a09f90a688f109fb3fc212cd11fa1e81,1
0x30c53d45ca0cf73a7dc17cea4fa535937cf09980,10
0x30da2111b6e79c333b330db664f70c8ace0f08b2,1
0x31114803db531106bad843aecb868abc74ead247,1
0x312f6e40d82ce5e0a9f8d762eed9ffd9c477d8e5,1
0x31356f6d29aec5c0f3f059a64d2a15622ae775d3,8
0x313742ae8437c6c9bee0e529b880dbf666a5c86f,1
0x313ae21bf9d1fbba8d48b347868841945fd786e7,1
0x31474c46837f1f88562ee5694a2755f06f010c05,1
0x315b0593f17db68d924b0447a3d3efb574ff9fa0,1
0x3180d6fcd4e07dd9627d0278fedbb146e18014b6,1
0x31929e20d3fc56c2eb70d2089ac48cd663c71647,1
0x31a8870c4e6b67d114a35d9784587b35b1989125,1
0x31aaf3ad803e2d7e80b41e41263d213f50cebe5e,1
0x31b5f9f6f0d812cbf0b3b7bd5271d3d55d58cd26,1
0x320e99852600eb2945cba919beadfa2c07af90f3,1
0x321cc31e0774be360fdf96c2174fa199c9f04263,1
0x322e35c4f7578ec7f55c7721720e91cbd79c4030,1
0x323610c90cebb43ac30191205aa119fb09277ef2,1
0x32452b71b5937112c2685ca85078e077f7fa2389,1
0x324ecc149036ce3fd6ca3d67ffb9a580b7e7064a,1
0x327c86581e15d6a72207e655216938ef10c78999,2
0x328f23c340152edd00caa6bb61761736dcc4e44a,3
0x3297298d7975bcc696c31aeb58fba8a5d03287ea,2
0x32a72f79796721e877099fe8f330e522af8a97e6,1
0x32cb344d193c46da6e2cabaced879b1db3768499,9
0x32d08168b6f0f5e2487523c52f4d8f86d54deefd,1
0x330fce541df333924994bff6790165e4c4066bd4,2
0x33381369912b4dda0321ec19af470c6efd0098f5,1
0x33a6174b917f2c62e95b02ead63d65b82fd8d73b,2
0x3408a6c01aa395325581c79847ad3dde4d755241,1
0x346ff6362cd97362ae5ef3f801ebcd27b9e96b19,2
0x34701e396dc40116e25f8369df5c90946f612bfb,1
0x349b7d785ba96dfae7cdaab95fb746f45caf0b6d,1
0x34ace1bab42b29124298fb8ca73e7b71520ffef0,6
0x34b8217f061a9a7b5ae7cc258aaa5b5b99751b81,1
0x34c4388c9023dca233ae49e26332434fa9c0d0aa,6
0x34f13109029482d71627e32f386b4b1c860bb606,1
0x35276630d17c9b65f2b05f2ded9cf0b0e56f5e4d,18
0x353513018a7dfc77e9f0f78a4069d5f1c4726556,1
0x35562b03fa0592ed6e4acc19e2c4f0821bbf08a3,2
0x359f289daa98f8387f9cd5762a52375f604247c6,1
0x35a12379176b628d94a0175051517795bef32517,1
0x35e0d32aa27e0fee35730f88254c535ad3a491bb,1
0x35ffd78e1c87cd1efd7b65510fe389678ac54c7c,1
0x3621f96aea9904da476727550ee205ca4c2f779c,100
0x3629e4bd90eed00b5a566fbb35e7f219bee3febb,1
0x3652769d2454e09d5338938ad35eba16286ebb96,1
0x3663366a41a4c568d82cb3f66dc184abea61e020,1
0x366401d0c187eb5194488cbcf4ff7ebe6b8b221f,1
0x36968c270151c9eda6e46d77edee048d0605f6f4,1
0x36a62d65c80e3babcd15e0de44941600eaa4074b,2
0x36ab2ba6c36c75377de3657f32a045bd4c55b8c9,1
0x36b006b9ee0b86e16ec3468f6ee3f0885ebba338,1
0x36f4ea4c0520eb755d91865b92ad9838aeb75ee8,2
0x36ff96987828ca47fee17f249d3e56335d185d32,1
0x3713306c0625d851b3378121816dd5618abbe002,2
0x371fa61d41bfdf16b85ad77605f7987343776a18,1
0x3739c45700c280df0488ac569a0feb40aa58b716,2
0x374a0369e21c03650ac863e8bf5197b38d45e1e0,1
0x374c0ba2e701c6214fa5c42b6ea5d76955bb72ee,2
0x37afaa68505981e0e1470e9696902a92fd5cc2de,1
0x37e48a88a4e4d312e249fcb43d30c210fa50da94,1
0x37ea39969f1a23b29cbeac4716a431081394277e,1
0x37eb8e6609ec80c901b493f15f7b05a60184885a,1
0x37f24a455481a4a0b531fee32706203fa50641c4,5
0x380f1ae3313d80a47f7ea41131775a3ba1f4f46e,1
0x381a77220e0e2e565d33b44412da474760402a95,1
0x381a88ea4d9594379221953508479969332e8e11,10
0x383ce3df8dffe49930a48a4a7c60e898cc5b215a,2
0x383e0bb06db1c75891ed0bc22530b5e3414de01b,1
0x389930da0ef93fdca3171c97bf20b90badc3ba18,1
0x38aef92dda3c88c0b7e50d14dbf1ac5bdfd6a1ef,1
0x38c9515016bec0ae978b6db78e5d52e45f8531fe,1
0x38e4f745d85077976aab2b7d0c3da101024165b8,6
0x39181d980fcf41a494e21f770391b8a47085f549,1
0x392c37e3557652a4864734f9ddf449a897985957,2
0x39407370ecc20b02f8209f934fc5a422a4d4c64c,1
0x3949fa023f0c7a49c16fa2bfc4bf273e25ae7d7c,1
0x395c64fae85ad807042c731dfafd07f2ce0e898a,1
0x39bd216743e7063beccadcbf56639d361605aaa6,1
0x39dff6d9e443c35b43ae07bc65ce839cdb23e0e8,6
0x39e774c1870f157f8b54ebef60e5492238ff1a9d,1
0x39f4e314481107a6f088682f7a5fb78c479af222,4
0x3a0ed529aea509dbc026edb7da2446573405036f,2
0x3a296edd14dce0e900d1251f423ff3727b58b95d,1
0x3a73bc17eea2b719d26720d93d0facd34b91fe9a,6
0x3a91d32b4901129cb69b0499104e3953f3c6e43f,3
0x3aab5bb3c14efba4cd491c2868704e376e5a0a32,2
0x3ab4a7371f429ed29b0fbcbdb1bf4aa5519defaf,10
0x3b5013d5501d0fe35bfb0885265d9d351d1d1023,1
0x3b54e0df8202f0dc5bf539a7cf2ce1c7fee2c780,1
0x3b6c662424429338179fafec16ec2187b7ef9dce,1
0x3bc62da5c4025e5d5869dff8bc0286aff4ece4d7,1
0x3c01a991ca64485ffa4cb8fd2108e8df1a428399,2
0x3c23b3f9514d00df9295f2ea6047146b21a7354f,1
0x3c4c949a0d09673f25e63a24059dddd87a6d3424,1
0x3c52b4fa783c9670dcd52d34a2b5f216d30a3b4e,4
0x3c68b13455b395f90a09c0ff7b43f2615d12c988,1
0x3c801f2e11c0025fa6d7865b1e52915cd509a6a3,9
0x3cac7e12dc3bae6ebe2909c82addb04da4cc340b,4
0x3cbfbb561639a1acb4a64b55b22a16ee4ecca6be,12
0x3cf5627a2862e795893cd6c8c333a47729fe5801,1
0x3cfd18830f5c7da185029af8605b7f18211f7cd7,1
0x3d1025c4588d3f6f099c15666c9a346a0fe752b8,1
0x3d1797bf7d690342cdbfa2654a38a6b7206eb0ae,2
0x3d4b001d0c55d94c3ab7a876fab99371dcbedc13,1
0x3d6738735ab5db72f80801caa355a7719c5d279e,6
0x3d6c425d22693c478507ed8d3b08b8e8f44a6681,1
0x3d76e044bc1a50a1ecc41931bc61388edb7d920e,1
0x3d77a1251f5595949c9abfbe636f56f57347e32c,1
0x3d854cc95c0cbfb4d6bfae2ae2e4c26f3a63d1da,1
0x3dd34fc375ce1a6523ade00d3ce96379a5d0b3fa,1
0x3de850b2386f3a64c65e2fd10a568ac845f4316a,1
0x3deab15a9f9290c21935b13b1da52dad5a5d7cb3,2
0x3e06bd0bce5301af7a186d7f33478ad227df984a,1
0x3e16db91811c49c78533f9a12e7b0b14b113dfc6,2
0x3e1ee41638bf14402fb2f59ba1e9b56892d1936a,1
0x3e238207184db63b0883e8b63488173014a26165,8
0x3e33d2d5e2282ea72b41892ea03389f83dc7493e,1
0x3e381e00194942e0644dcb2b08a355cfdb905caf,1
0x3f07536384fc6cf0fbcac697518207f2dcfe25cd,1
0x3f410d8673ff8995eb9d16bd9c9d781eafd61d15,1
0x3f8de0d49936d1a9f02ef4bc390bb69e4a8926bd,2
0x3f93441c9ac4c6dfae5ba33c5f30dfce1914a63a,1
0x3fe6e0ac4ab73daee5c3cbc5d5f6170e80b39960,3
0x3fec55d96a0c9a975584e3040d2b948786ea8ac4,1
0x400d6cf58fcd2f537b0c455ef9316e0e47803786,5
0x4013d5e1bb88a20007c30cb86cd09c0deb3da27a,1
0x4024fe85275304635c2e6261688b5ee68109ac39,1
0x402827c8b27e388a09d2cd620e9ac39dc007e1ea,1
0x405ce9fce564213c9d6d83678b23ee2fb4d5c943,2
0x405f75fc362155f860aec6d28eafd35b1752156f,1
0x40b03b1596c531264acc148cdaae468f8af862b1,1
0x40ba143bd9da5c541db07c6eeb4846b6ab02a983,1
0x4119956afecc589bd7322bfec6279c5957042f0a,1
0x416fd3809db4355aece29cc8619f8b4e3d2d5d6d,1
0x4175f951428a3c0f7fed2dc3704abc027102311d,1
0x4192e9f96de5636ee2df93091cb4abdf4253ae49,1
0x41c9152a713ac2c48d650862b418a2cc767cebe2,1
0x424335a338a45aafc98274e37acf091e624913dd,2
0x426c1c968964d42de5632904264b749056025c11,1
0x42cf343dddc898f213171f2d08ebc23a802158e5,12
0x42d48e4a09cf845149f2ef551238085d6c60e49d,1
0x42ef44adda72fdd5b074e4efb42f4bc74cb8ef5c,1
0x4373c5cb87b58862ae57d21e357a98129f8a3e33,2
0x4398ffc57d78a3a7a03c4a6de87ae4fd7a927afd,1
0x43aa383787c4d63403f49270f0d9d9b9ae84e0a0,1
0x43c20b54b3bf82e0578c8c43d7e6fdc4199309fb,1
0x43c845c2ef3cdaef5e0ba40cac7437384bce4a3d,1
0x43df365c5286c3b15bec82188c877871c1ebb9c6,3
0x43f8cad0a9ae177c3b46f293fe9acfdf9c73cea5,1
0x442f458dabffbe694285f6d91f3a29bfc753ccd2,1
0x443d566cd7cb6e95ae2d5adbe806641af4e26fb2,1
0x444569ae8a0324b9b32b3abdddb98ccb13036dd4,35
0x445ad7de9c9d811e4de582dc4bba766b9811e8d3,1
0x445ebf2ef88e9824916226c41162593ec04da28c,1
0x44807a81a91b27c93bd41e5d099b095e2b0e927f,1
0x448eabb91587b4bc180d33e71bcb04a5c32c0404,1
0x44b59122656148eb0a6fe0c576772148f5c129f5,1
0x44cd6c3550fa47db39fbf8c7d3708833516500ba,5
0x44eeba0c41215a9cb200d5c4682b1128aba220c5,1
0x44f50366b1ebf41b05ede289d6a0f97ef2504653,1
0x44fb7c7f08f5059993bf76d8ea3840943b87d9ce,2
0x451692804150d8db915ab5dcebaadf2b882b7cbc,1
0x451ff7a11117ba7789224c8c2376d98a57702249,1
0x453f2a8e2ee8107e056bc71cdbf29322a1b73a53,1
0x454928c5be439bdd15965010dd77422f59ea70c9,1
0x45c9235209a06bf8c8596c00b2934cf5aade091e,30
0x45d79fe04e5b8e1053bd5cf2478e0d39dfd454bf,1
0x463b8483fb4471e0c67be9aa7085c13f470ba374,1
0x4657ba2de88da81e4cc7d8c41115e4487780db81,1
0x4667fafb8fb809581fefcc6694d9225ef9afa775,1
0x466e81e0e768c8439c468888f358f1c35b9ae14b,1
0x468f4c726c5da2f8fb97c483c56d7703c18545d6,15
0x46b6dd37c94ec1e8c28fd214818439e18d9786c1,2
0x470f0ee2449484f55b1eb3a7b736cb0d4e377202,1
0x471c5d45e4cf828f349cf3ea744dce6fdd650e2c,1
0x474ba30a7bf4b719d3cff3f96855af6a708f86f2,3
0x477201273c4a8bbdb3e23a8480fd39aad83e7de0,1
0x47797bdb1c56d7cf9fdf8d33c6b261950242a091,2
0x478cafc1bf482ba4b4bfff2500cbdf3a9423ea61,10
0x47e24ff3f382e11210c7429168fb42565d97447e,1
0x4806e98bfd62e690a17f0189f3a12700dbaf49ec,2
0x480fba83dbf31a3b8c7956ea4f7037497fa67bd3,6
0x481b8c2db88832aef38cf5f76cadb84cb041e111,1
0x486df427466903e0784f3e4e81e22cfe2b57812a,2
0x488e62a933816f4f4d96567785ef9791e6c0b55d,1
0x489ea1215c1bd4e1dde4ac9a3aa1f41de09109ca,1
0x48b6f087af43e324fbb6d8eea9d8f592e7d56d90,1
0x48f88a8d8e4a9dff33c0a4d857a81a189c2d6e07,1
0x48f8b89f37b49a5cd9d050ab7b03ec5356e27725,14
0x48fab25162af0364d1e0118de1f875718a9e4be2,1
0x4901cbac0023f9a157f9c8a2a012c8a84e4adf16,1
0x490573336c7733a899f8c3b1b3067d3d42eb26ee,3
0x49190fc3830d46b5db47c657d9730bd43d3f2d63,1
0x491c61c9d135672018557022d2a5b2e0df0d677a,1
0x496a8c6c91e1e02e4e8f16e4825247c10ebdbfd2,2
0x496c385864bed79e8cc5c888a902dfe53c8e4923,1
0x49a9ed3e564f145357b978d32d9e9d0c6309999c,1
0x49b0f782fb76ddbe63b885eeb0673fee391ef9f4,1
0x49d7f38c3d937f767f163df8d388aaa1f76d25c3,1
0x4a03def23e0318b35e6a28f5a234fe2be1cd3fcf,2
0x4a0948e668af9637ca7cad67e579d82fa72f0e1c,1
0x4a4962bc7dcecd297df66625c7ec7be716ee68d3,1
0x4a5386d08e69052d09fd79c03edca86bb985f34c,1
0x4a7766ce67e9b8954efd38e2c7ad86a06b9ff056,2
0x4a8ad577d303ebf3342e553236717097b9fdc916,1
0x4a91dc7db316fbe5f2b5c0732b7ab11b867daefc,55
0x4aa5319dc6f416cc30f9f3cba200ad5dab916559,15
0x4ab70e6072bc043f86856efdc8f30b2bb65bb5dc,1
0x4ae6d384013d14343519acd7546cba526080888f,1
0x4b2e3f09cc773957895f83a5c828c143cbecbb72,1
0x4b32ccd75b86b3bab06b118bcfcdad688d0c4c44,5
0x4b6c9a7b6832302643114ba6bb0357cde1042fdb,1
0x4b9c86d7c271ddc2ea06342317f52b1b037c7da2,1
0x4bd77e5637212bc070b6c1382b3bf40bc1a7de18,5
0x4bebb54de716aa6709b06674dec4796bfda79bb7,1
0x4c0aa6b353c9d2d295ccbfa1dfb278f6707a5c2e,2
0x4c0e40574e7e90e11898d819dc1994849c400873,1
0x4c2f2cdd0b56641f6040d18d48164c31c060709c,1
0x4c398e168452a3a12e224e6be725fe1b2173bb89,1
0x4c3a6a0e328124bf258c696dbd41be5b73456039,20
0x4c48a692235e276e0c24f7f0558a3af90cae20ee,2
0x4c4b46abe88f996d1b3b4a8fa41876535675ef1e,10
0x4c54d8eec737ca6db9474e2958c17d065f19b196,3
0x4c90c2cacd08dbec39c265030f9f948484fa7dc3,1
0x4c9579fe379aef9b7010d891d261e13779365eb0,1
0x4ca862aae6d8b2560600af1aba67da64a91b0097,1
0x4cb5f900847e251742d61fe9857f22a6526753b6,1
0x4cb7f6835dfb099652d7a19aa6eb6740c1bca013,1
0x4cdfa0b91f81dab3da1605645dd385e19986aa2f,1
0x4cf8be01027ad66c4939181a5b8c5b2b281771f0,2
0x4d1ed71d2b82a6e3302f1bd1c78c9e8cf42f5ee7,2
0x4d83343d7f790241b15e24ddc3ef57cd8915207f,1
0x4d99784e4724279085e2ee3025e74b70fa0f32de,6
0x4dce7c26c63fdd8089d48e831ad27f78ee0d9f05,10
0x4df2a5ab89c2bd157377651badbf8b6ae697bfc1,1
0x4e4457c92859fd18dd08466a2f4f9af78d80c886,1
0x4e99a624e3c3d8310e5ac54b3abc2e37b6c4a84d,11
0x4e9a6cef8c9d29fc04aa67d199f976fca773ac5c,2
0x4edc2c792af81ed1a83396ec7d215234e4ec9e09,1
0x4f03d95af246c7cbbc9e4fc1859974945ef418a1,4
0x4f0a138c7c2ea496d9a465ff72973bc4a226103c,3
0x4f0ed477fc6374246b726c22945edce476c9fd1f,5
0x4f255c6b8bf57b8ea9935f33a79efc2da411ec4b,1
0x4f3c3d7343890b5d7c382fc51f5af701898d4488,1
0x4f41bf23d90ed89254741fbe222cb5c5a47e0ec3,1
0x4f62cb00dbc6ee9c1a03008fe24a4fcda7315a58,3
0x4fa337b78b7d40549a337d905ca21e4c16087919,1
0x4fb2d7d74200bcdbca1157ffa047e8248631d73b,6
0x4fb95cd564a140e5b658eb726b885493eeda2243,1
0x4fb9f8e2bca022108467e076e0e09f68681c29af,1
0x4fcce0ce9d0a84d68a44c4385438cf2a17b49415,4
0x4fd49e5e34abb59cbf58efc44db5de1129a5e661,1
0x5008f98ccedd2d99668c65b0de50fc6f18be10aa,1
0x5011c806e1b430d9eec0d623a4e620d004a7d8af,1
0x5016e31c05eaa80f5a0275eceea3b05fe6d3006a,2
0x508c1503719c373c368f287b5762b99d5969eca1,1
0x50aceca475d07e142e4709cd63fc0d1779084a0e,1
0x50b87e5a99374fab9ce0690119cac9ad02e1f0d0,1
0x50bab08d8d456c497a169c1ad0c0c2d3e4cce2db,1
0x50c26634563b79a5fa408cd201dddce916ff2f1a,1
0x51284133f2cf435c6a1fed801208c7c05db97b51,1
0x5135c6018279be4a98f24c11af522e11382c8c22,1
0x51440fc7010a2b5f138b36e033771f742989fe74,4
0x5170eb5bd970cfb79ffd134e11f32be2cc4be104,3
0x5199c72a972c4fcd300540e0a8e52a245259b89f,1
0x51e846dfcaef6eab41c6a1e7a40dc7ced387b297,1
0x51f38eefc2d243fb0e3ef46283419fc86c6fc7a8,1
0x523ff3e142f822e2158f3802d9bcb6f28977441e,5
0x524909ebccbe26ded3ffe96a1e34c761439d2120,1
0x524e2b5a84a0aa87e9d671afe97a47b4547bfaec,1
0x525b8ecd160b60a2a08c4880dfa2a4a3858c0b41,1
0x525bbe9f412e65d5e2034af067925171d6edcb50,1
0x525c62a424c35bbdafd8830c04e1867b6625dba1,1
0x526cf160f2a47b1cc1e5019dade58a1a1df6bed5,1
0x5280537847c00723a2e710349390bff199661cd3,7
0x52894b642521c408218810613121cadfca3bf4c2,1
0x52d913e15c4ceefe21af2de29f5dd827124eb867,1
0x52f39c67f19a393535ec38d1afb7cbeeeea9de83,1
0x534cf1addcaf39c7547048143bb4f08514a2718f,1
0x536c6d551681a6511b21e3aad3fd01f86b6c750b,1
0x538b436d765cb508a1dd26b6f014b5eb3b29e8bf,1
0x539d192464090d47732c6ca994e41d58e6563454,1
0x53b1131d3eba4c2d8e75c7422d55e2a67f720fae,1
0x53cf0b69f4f61e5711497134d071553be67fada5,1
0x53db2fd49337f5d24972f86ae80318c33cf479c6,3
0x54106564795c98086f7dd4ba84021fb143d7001e,1
0x54651ad1e620107d818c008f37a002e61a7c643d,1
0x547195ddb51f1036db09f0e9799db6190e87979e,12
0x54c1ba69b885ebe6f9e719705d65ab61bb7ebff0,1
0x54d6ddad5fdd413c746d10911d9c138890ddd267,1
0x551e086e47a0475b045d414c5dd66bf259f0b73a,1
0x5536876b3eee044ce2193a92bb39632e6a83ee79,1
0x553c87110166fca9ab65c35778a77ef3be3d48f7,1
0x555910bfb94e287fe80610b397f92eaac6a9f45a,1
0x55a67a304fdc2b0b22b77ec7d3205671cdcb6ac3,1
0x55a80f17c9043d99fa59f0be4f931d560570565b,1
0x55ae9699a3d7b776bde60a58e44e798e2c785663,1
0x55c05ca5e71e4c538713fe195d7dbf9a3c5fbc2e,1
0x55d6c44526e1c825abdfaf04f8b32605f319355b,1
0x55e792306ea5deda192380baa1ab210ea241b5ae,1
0x5616be58eddc7c2aa61d1513f140af1b77ab5b10,1
0x561b71380bf4778af77c353191c65bfbe19f505a,1
0x562394de1617a45894b8a18238df01f80eedcb17,1
0x564d7971c8f2071528b878e817b8614288847a32,1
0x5688d42ecc51dbc5d4d9cd2b59c182db06df4391,1
0x5689ea91c535f3de73535d80470deb3ad2586217,2
0x56b145cc7aeb7b123b8f40df2d51d6feb2a27a26,1
0x56bc32a55a28455b22251722872088de2799de0a,1
0x5732600afd13af47d1e630abb63caf8e1432c578,1
0x5752dc02a15ead54ea60a72f410cfd849fc30774,1
0x5756099d208ffe36ad7145088c428d7f8433798e,1
0x575ab1015bed4440de474794cac6b72874d687b1,4
0x5765b4081fac9e3970fdf256a7726d673cb4a0c6,2
0x577d28133471b8183acee876f9928e4bf4e4e723,5
0x578e0a85884e898499096b1e8235effefde2bbd4,2
0x57c5406954d17ca676ae78484c48abfd7c8ac670,1
0x583dd27be6af63554a8342283fe9b6772b602629,1
0x583f2e8b7f5083e3f10405938e6256cb7299c07a,3
0x5879b0a6d7986957ed20c194ccab7dbdf37b0065,1
0x5888eb08097f20e2a4d0052de32c5198c1421459,2
0x588ec614fb7ca9050c9fabca58b3496440fe9633,1
0x5891bf14001920fcb663c56b13892bc9cfad17cc,1
0x58e03a162a8f8906126eab3523328cbccc65cf95,1
0x58f19931c426aa143d89ba16e067148f6da5be99,1
0x58f55034e09259cf28ad91b361df74e7914b1482,1
0x592758942689a834537397ee1974259efdf4f341,1
0x597d189e63e56ec907b77a4aeae9851bb81e3355,2
0x5991ead0543a2ed72f32cf07b0e02ec002e002cf,1
0x59c66d90115c0fb4cf1c49c26e8421c4e267d6f6,1
0x59f69a1a0675ad275e15e2f6d34c2ad369507877,1
0x59fa2237c378a32bf1f71ba2ab4ad275850d85b4,1
0x59fb79eb54b00e9173b43cfb37038f35d46c9cc1,1
0x5a02edbaf62de3595ef31147013816706ddc0f31,1
0x5a2b11e043ae29fc4f84a27ae40a1a22118a4e68,1
0x5a6da46839fe767c8a481a735af978baa5576944,8
0x5a8394859746c7405411dbbaebcbf09fb6ce8557,1
0x5a987317a1570b8c140e1bb6868326365b9af6ad,1
0x5aebd8940084045c078fd7e31a21005ed8c6664a,1
0x5b47ce248ea313841668a318afb9a5597d5efc23,1
0x5b5272477cdefcea0281f29570f3e4509a85428e,1
0x5b63124006840060898f47a21eb82c019289eab5,1
0x5b6bd3d30c70c364622329b7d45c6df845c53f29,1
0x5b77905f374b2cf68cd554b3d399409ad101974f,1
0x5b8a78d8d66b5b6ca992fcff015aaa47ba4f9f23,11
0x5ba485d4744b8fa3a8d67ea69de578fe68dec2a2,1
0x5c123c744c3a8c93995047dbd160302e8c88a78c,2
0x5c4e2f100d8979b5ae839e155a77942c35e2b3ef,1
0x5c679c0c7a8ad17fa2f0d4fce172e07888b12667,1
0x5c8543b3ee5987883a8f815fe8790817f1138186,1
0x5cdf857bab3ec7e289c6b84697d42b4f7784f46d,1
0x5ce26ac85f6687391702d44aa60f209f0cef18d0,1
0x5d41fd2cd3d943088459a6990f00a89147dd9e6e,1
0x5d4b0aedad742b37b36be3969c307eadd5fcd7e9,1
0x5d4c895ee18fbd02a7b8ae023f37c91df17c4d4d,1
0x5d4d4ef49256a203829e5249fbd0efe9aba65f7d,1
0x5d849b9da7efce249cb48b15d2976e54b346bb01,1
0x5d85402ce5316f8c2a4bea36978d5924fa396502,2
0x5d928f0db4a09b873924de89caa5a3db752cb2a2,2
0x5db167699e12c0e5c13bd88783826b0ca2f00dca,1
0x5db1948700d8a49f7f25f5d9edf57bba17786d91,1
0x5dcedd3babead36f1e67f22d389592aa1910baff,1
0x5dda6166c734377c38245dd107efae0d1a0ce08c,1
0x5ddf2be2031c0edc31b3c0da4b9a9a8a0e0b2ee1,1
0x5de2f45bb23180f49762dbafee319a4987651f50,1
0x5df32b16758cdf639e57fa89771151ed2b62a3ea,1
0x5e08f0637077302239a41f2dba76a3fe8aa3f0c7,2
0x5e14df6b759d9e63fc58a681f72048a0f5502edf,1
0x5e44ee675752b1afd318f4cd4361611bb8e770df,1
0x5e51934366a5b2d328610df5ea2b9196b0181cdc,1
0x5e679d5903809a62d6dabe2ecfd58a9722d34c79,1
0x5ee007d343a6567fe2fa189d9f13074ef03173b0,2
0x5efc4464cbc7502814165484c3a2380a413bf4e5,1
0x5f2dc6194eef7a348a8cef952573af6723208003,2
0x5f3df357144f748d7d53f30719a6e4040e2c7d04,15
0x5f6c274e495af06f972f734e45eb2135c1de8525,1
0x5fc395a90bf5be8580cd3420934514bfc6176573,1
0x5fc4a985d83021031d5c37a81152361dc2ad6654,1
0x5fe8586c95852173f4f547e67448d50219e9a542,1
0x602d2a713ece658a76989f4ced1bd6179544e7aa,2
0x603dc564db9105e851733e7e2a9b53d9468511af,1
0x605deda2973845b950da46d2b6c0e26c3544c229,1
0x608a7a10ec8ae5ca837b4b265808bfd172047907,49
0x608c9c414719cd6450f012ca7653f8b666701734,1
0x60950421368f5c5b560da7dec419fcbf029e4d49,1
0x60baa1172029489567b60338754ad8c83cf1aa5f,1
0x60bd677c5d18a6de5093f29b77c4941142d20461,1
0x60f1af69468ef7d504a442aeb72f669e225e3680,1
0x610656a1a666a3a630da432bc750bc0be585aeb4,11
0x611ff636821d6edbcb211e0813d73f3245d89bd1,1
0x614c207d5a32d89b9dfcc0caa3eaee55d442dcc3,1
0x615896d5d8ee77e521fcef8dbe2d3f7eb0ce2812,1
0x61888e0e78b29c5d1facdcb49e492f880ec2db72,1
0x6188afe1c16101916ce45f716969db50220b2928,1
0x61974bfdd1dc2091276ef361c3c3f05492129bfc,1
0x619b0efda73f6a519c2279db0e2c2d709ca9086d,1
0x62048c50d519ea40d6af0d9c963f560ec34e3b60,1
0x621a4d4b9c19bb7087c3d4cbdd191111b1f9b58c,2
0x625b807a023872a2cbb2e2418224e4cb23e94793,1
0x62684076cb01018b9fd4a36fc3652d4937f49b60,1
0x626fb3d241942c5b1fb55fd5eb8790332d99e0b7,1
0x629277c8969fda890397becf71a3758199ff1ca4,2
0x629d87e6c1e73365c21d1c6f9feeff17656a8f1a,1
0x62b43d1cb1fc1648b4adc8d61040968faa91f4ee,2
0x6300bbce3090fd737277365bd9d38aa650d2aac6,1
0x6318d3d399ba4b39690b15760cfb060e4292c831,1
0x632c0842523c4e2ef3b0a4650d93e6a755db5694,1
0x632ed1f777944896cf46a0f4b1f1148b91e6026b,1
0x633dc997956e6956cc6fddb7caf211171501043f,1
0x6348b4ff26e70436306a7b08a327a6423ad3b468,1
0x635ee552ee22fa6fa8193f329e73521fdc8a29b2,1
0x63822aaac140c38077b23fb29210dac033de4fc2,1
0x638ee2f8413ee246e51219e1aeace59a21654347,1
0x63ba8a22cf15bfb1331ad4ee59fb9169411a5666,2
0x63d6693d55dfa5401a1665d1ba1835edf01ce72e,4
0x63dce2cf5b34cae1cecd47e797c4ae14fa94c2e3,1
0x63ff03831386e7301f832d1811c5e2d185dfd29c,1
0x644ae5f5fb1ebb4b1e953cd2a7187965ca8f1d94,1
0x646c5f3ea0dacd25bc644a1b6644acbd5a6eec3b,1
0x64ee1b42f5083a9457a4e9de1ec7acde3e846c44,2
0x654b1de76443c423afd304583eba886fe66b54a7,1
0x65969ce43f4be96729102768cab8f608f55b1bdf,1
0x65b8ee88cd729b00c574884f3404678bac479dab,17
0x65be5a73d072e8454d88c3ffe1a278d5ff2fff34,1
0x661d3005506aea3def4422606b1a31be9cef1d80,7
0x6637b4b8fc4102135340509e294beeebf4793fa7,1
0x668df49e79e6a828b27f455297291a8bd2fe0531,1
0x669f85a90534f8bb92d2b7353c2c552b0d9296a8,1
0x66d610c92a9d1960de5a345ab4a5053067692eb3,12
0x66d84082c749a2b3462bbbf150f4dd45b64a3bbd,15
0x66ea34a24332a7aac398577494d88a33922e9159,3
0x671bfecfa6acb3c32dc1f4b8dcf7c6987b3cb760,1
0x6730de0950075886d289e1d9b2ebc2d7192f996a,1
0x679ef52b954066aa9eb2b7d2ed29ab49edb69866,1
0x67b244f5835d9cc68648d865ba01ef4400edadc9,1
0x67ece6a10b881336a3c8a25605ddd7b85aacdd3b,1
0x68205752c9745e4e7d8b7aea8670111e6206ad75,2
0x6847c5066b8b9f94336f4cd67e456efc75b80cf8,1
0x684fdf85875a4c5af5a6c7550484517ed3a72c57,1
0x6871d1a603feb9cc2aa8213b9ab16b33e418cd8f,7
0x68a2ea4afbe4211a61ece661cd26fd2354388ebf,5
0x68c3ab39d36ffcd6cbb8177f47a2020bd062900a,1
0x68fcd2ba5dd061ed35aac926361e23fce8dec586,1
0x6928881f808ea1fda00118fbb4aaf1d2e229e094,2
0x692a812a88043c2e8e3f58e66f0e50f385345f04,1
0x694a53dcfd84cd6f7df526da80b9c96ee9228a67,2
0x694caa08443443478bb70dc96b35f650147d41a9,19
0x69579e876a48358f35ef0f7641be15c28388592f,1
0x695c22082302180efce83117d7c2c950d7a438a7,1
0x696a3f336e15a9ec3e3a08440082bc5027e0a5bc,5
0x69763a6ee28dcbba60621c68beb2fcdd19a3d57a,1
0x69b2cf17565e9976db7c6fe0c046d83b84059efd,1
0x69c934cf6c5b007c4292ea345ac18290cbb35d66,1
0x69fd4aaedbb4cda88f7391dc466f5d56bac87488,1
0x6a02a60863f86e4a5e7631e11815b290c9910d40,2
0x6a0dfefc4194c40310ca4037fd7559b169b49314,2
0x6a14893b47c323805f0db542e304b84a7337b9ea,1
0x6a2ec22820fd37c4cef5c4fa07763f760947e818,1
0x6a2fa6ff49334a0bc591183e42baabec5944ba22,10
0x6a52945a04c793eea0f737c74fae67e3a3ef70b6,1
0x6a91ec8bd9267013789ba5a410bba519e2ba0b1c,1
0x6aa4ac1e865cbfb4c123fd90efe32b19aeeec066,2
0x6aa4ada475b5a3ddf97992823c3c3a278c9e5379,2
0x6ab7a742c481db3e82995426f03ab7f38f0159cc,1
0x6ac83a0b79659befddb278b60f329507c4b7a6ec,1
0x6b04742d37fe7e61be0a12c52b43ccd4506cbfaf,4
0x6b10e7d59ae369747dadb66068c056fb8610bf2f,1
0x6b11ba38f89de9a93263f905ded272d6e47080ea,1
0x6b1fe53ad9369c4665f7c61dc8193905cd46ac38,1
0x6b443219a2f619ff55e7af10bdf76c9cb071514f,1
0x6b4d337d0299ba95d22c6fefeac1d2e9be8378b2,1
0x6b6c19974120efb567901d5a11a0355e57914b0b,1
0x6b701f38b7486ec80abf7b7f19bc829a37a6b254,1
0x6ba122da33ae38e0e9cf15b7a3cb126abf47bae2,3
0x6bdf68a12fbb736d96df345fe32c5888d141f902,1
0x6be8ecc994cf9a515e31c33dcb4ba5b147827952,1
0x6beb440453226d3e1775103ef5ed02d83b95eaf7,2
0x6bf9e1249cc98d7a8e6fdefdd06bb7fac9e9a40c,1
0x6c073dbd337ce52999599915a2f37b82639bbc0a,2
0x6c318b79f5082abc024e36934c61183b2fb3e5f5,1
0x6c618629a07626266a9802ee96e71e409b435f8f,2
0x6c8ca6f3f868c2c8674ac0c3e0f561054679ccfb,1
0x6c8e3b98b28aaa2c409d1b25f78971a4d90165fe,1
0x6c9df379c6133c3bf784783b15ad37dd646d09c8,1
0x6ca9d147e2f64e45b0bb4f83962f179f66c883ab,1
0x6caf9a132f8a7e570b56e05cdd618381eaae88a5,1
0x6cc1dd290f461bf2ccc3df35ef322d1ab1054ea7,1
0x6cc4ead03b6fda979fa33b40546ba5d09c35396a,15
0x6cd68e8f04490cd1a5a21cc97cc8bc15b47dc9eb,10
0x6d07f3ea264599daa00f6fb80900b44bd756027d,1
0x6d5c2cb6ef2bb683db0f0e4674795a399b933104,2
0x6d63034b0b31c88c3667a4f35ca4793ccab73bfd,1
0x6ddb2228c36180aee4ba06377c38f74693f05ee6,17
0x6ded83c44032629af66f14b6b36bd421719d45ab,1
0x6df4c584482bf583a252e22b521c7743aa2e6f23,1
0x6df4c7fc79d404d6a07106a211b6ebdd1b5df2b6,1
0x6e25e5cb9e91fd3d3a638f9363903f53b95789fe,1
0x6e362c62d47d7a4fea483b99a3a643fc13a94e86,1
0x6e5e65ac490d1484582767d73a60c1fbf0c29af3,1
0x6e94ab2caf9e6817f97d9036785813bc72961c4e,2
0x6e999f6540d5c816ac3187f9193b9f5b27a6dad2,1
0x6ea24f3cdddf5b88f90b73a2d7df7ad9c0f9bec4,5
0x6eafcaa99fa726e1df2dbed7af0cc5295d1679d5,1
0x6ecba5a1249106fdb3c26416c69ebe1f2f2a269c,1
0x6f017c8f9eb2de4d2595d636f027fb380a5b612b,2
0x6f6ccf540a35f7e43e9949c4a482ca7e1a3e8c20,1
0x6f6e9fde3c7e92b512ae8b7f70f7c933bfef7542,1
0x6f8cbe26340f5c2adf34058848db36da3dc0cf0c,1
0x6fa5f505cf00ebaee271ff20e5c24825eb8f7288,2
0x6fb64308e21bccf0fad1d0402af6a5d29892aff4,1
0x6fc5ff048328c04f73dd3861b666496726f0748d,1
0x6fcc6ce3ef144224ce29af94a247af845063f3ed,1
0x6fddfa15df3f441fa856106111ec2340b71d301e,1
0x6fe702992a3c050b0fa0e9f94df3b684723074ee,1
0x6ff1497328dcecd7b2d26e80353cfa8f240dcf1a,1
0x701d64b43b4fcd8c67383bee4b41893c0d4c6285,1
0x7057e7960500ecad1f5b86b34e79a199dd1ee1e5,1
0x705a1251c7a28a09e7139d51ab425f4ef7e7f16c,1
0x706604bf21d5d679c21ed044fa337ca3340926c9,1
0x70aaab03d2ca0f69a5c0f5385304d5ee90ba28fd,1
0x70ac933b878b26be3f0df9d772539844b1240210,1
0x70af6be4435a982e99735b1b65cac0e7eadab68d,5
0x70c05baf52cfcccbb8427e0e85bfc1bfd2d96463,1
0x70cc07819e236e9d63a3d03614f2f49577bfe984,3
0x70f8a0a356e4391c90721355158cca09e38b265e,15
0x712bb76f1914d7ad2acb43f3ab5d6ee0e8550fbd,2
0x718ca0d083babf6940845b707942077dfe554010,1
0x71add64adbb965bafd01437295968502eb61145e,2
0x71c7b0e6f5ef17674861010444d11b427dbc3faa,1
0x71e35f7deb1777941bd7f4aa48af0a5558b23eb7,6
0x71ef6773a6f78f788f5271e2d4a2e0f7b167abfe,1
0x7201ad662c2f3808fc364ee62b9b31a6d8053ed4,4
0x7206c7d6620ebd52ed29976351fc0ce09c3d5462,1
0x72363c61a0a32fe86e922d4b187fa3c139831db5,5
0x72378944a46df822167770c9f4cd9e8fca3be32b,1
0x723a1ceaf69406c581d3e2dfef9f829fb28b6171,1
0x724226294fc5349dc605018f778dbaf4dc7cec05,1
0x7250f0dc1d222f3dcf05b171084ad980ad9b0d93,5
0x7274d94e28a2e2cd118a73c4792d92d5b8e5f08f,7
0x72e1fc503f73b8316a560d13b1b53f1108e6e2f4,3
0x72e4b1fc2056d6455db3efa0f6fa17274f966375,1
0x7306bf13561e573142af3171a19bed1a59d9e21e,1
0x733043605f1c0b9f77e3af4d0e8cf3a4f24c09f8,1
0x733977672293dacc9a14c92fbe525c164be429eb,2
0x73cbfb05e02693ef3152de28b2f602f0b35904ed,1
0x73d32e23fd3a139a01d1eb043a1b62e69eec562a,1
0x74120ec0f40b533f7a7111e0ff2e440c018dfc62,1
0x7419ba6b84e351cd5f7c13e08b9c5b6b3edc1bca,1
0x7456ba364c7caf398dd8cbf5a246e4fc5f86c9b8,1
0x7462e38e1df7d122d05748462e889f86d4318b74,1
0x746c7757501193af295797d4f338121cf22a4acd,1
0x7500b497449bf09ab5c712baa7d50ef3ec46d9a0,1
0x7503571b942019495c10c4b94bb812697c0213d0,1
0x750a5987cc789fbdb815cb4e727dde22dbbb2479,1
0x750d5d2f65d10d7c00e246eb24a51e6b9924276d,1
0x7514a9c59e0ac72ed282b2493a9a2c64b9a7c851,1
0x7535ed16b9ff575271a407e020e2324e750a8940,2
0x7542cb14fd81617f936e129f2b65c5d65babe2dc,2
0x7567175bccec1b516a6a9e1e2c984398754244e2,3
0x759b1290f24990f634b74d33bac6a9e23978d73f,2
0x75a580e265cc828956697fc3994a6a1a2a687852,1
0x75e6a0a8fd8757a2c14cf44414cd35f2365ba120,1
0x760228f299677b1023b02cbb1b9cf7147e077174,2
0x760a76a99ee4fd388b46498887c34ca97ad63a77,1
0x765a0f28b4d714d2c7bdff20fb8a1397527dfe62,5
0x766694dde7ed50c9ccf2766a9c9b487392aadffe,1
0x7672d9855a30e1d7f332fe10b2714c604cca393e,1
0x7689633076ff1a4535f91fec889d1848c8573d6c,1
0x76bbf58f5175be9feb15ae4132a15f561ad5512a,1
0x76d3321484c4ddaf63eec5570a90c59fc9619690,1
0x76e2c3eee19ec68dc89f3dd04daaa8c1e71d2039,1
0x76f3fe815871c8435e6a9bdc46de757a37520bbf,1
0x770b00421e0943c59f6d346b733044058c51e6c6,2
0x775813a57c1d486833482b6a1c21e722c07d60e9,2
0x776f18639fe867971472e715af49856011918fe1,2
0x777480ff6351d131e4999c9aaa2c1afabf0be76d,1
0x7779329dc61e77d19e4710b971d8712ecd3456d8,2
0x77e7fae2dd0058ea2e4635a5b46e83358322df55,1
0x78c09f73fd5a87f402e887751fa8a875721fb91c,1
0x7926aa8ceb6482992fb4fb97ac0b25c884cbb757,1
0x7926b07a0c37cd64833f807db99010c8311ed657,1
0x7928c6f47aaa4ff01fd979386037083e6873e230,1
0x793a68e64214a1c4a0406a214874b60781320596,5
0x794218ba7a7f1c9758dd66922078ce9cd00015d6,1
0x7958bbab0a32df595b814b50f27681ce42787bf2,1
0x797434adb7a2ebc2b31a36a83ed81bfddf17e2c8,1
0x799535ee2caf1a34147d8b3be1a38d3e7dafdf6a,2
0x7999558b2d738319decda9c72f8844cd205ed946,1
0x7a324010a6331d8d63d069e97022a1902cd8cfe7,1
0x7a659de91ca6c930f9e8e55634ef535e09674544,1
0x7a9fe22691c811ea339d9b73150e6911a5343dca,25
0x7aa596952be74010e53cf7ac0670fb75e47779ed,1
0x7aa960d442303013b31bc05784f9a0bfd70ea016,1
0x7abab8cf656971def3e4722e167e56d9ba16c8c9,1
0x7b589c14a323c201bdcd251a23e001438c2520ba,3
0x7b787da8f9cb796366685877f94675071f72fae7,1
0x7b9402dd00cea3e9fadf3b2dcda2c78a13dfdb37,1
0x7be771e0439b5a24345d9a6f6035ce7f33a0ed46,1
0x7bfc82d31efcc8e3e8f667717de11bca0d6a4bba,1
0x7c1e51c9c3f70dcf033409232d5dd6d97c64cc30,1
0x7c319e9528ff664a0a1c2ddb13048dcdc865a108,5
0x7c838520c49f85a36f68107623bd11b2eb72d94b,1
0x7c9667c783c4a8392acee1452d3f639587c11f2a,2
0x7cd976af43b5fb90594119ad76c193c20d1a616b,1
0x7cd9f1f45e7e24e1803068cca25fbb1c35becace,1
0x7ce3860f4fbfac4b9421fa26a9fbdf74549c7812,2
0x7d389d1352a8b50828b7b8c7e49f85a22acffdca,1
0x7d719cca8452a1bf77efabcb9c90d8398063a3a3,1
0x7d7857f507e98b3495027f7f9bb826225034a2c2,20
0x7da287553d51c960426ddd1e77e596d0e4cd38bc,1
0x7dbdac521b6a259f974e862cdd31deb75fd3e091,1
0x7dc336bfef8cf7ce3e557c36ebd962badaa70071,1
0x7dd26cd7174f566f96ea6ade9e4e699a0c2df1ae,1
0x7ddae9139db6ef4780a6cab78c0dd73a4e90dec7,1
0x7e1bb3fd7ebe402af08115a86d24e6bd40b4ae2b,1
0x7e47785bf21686a401ffc9d255b5b30e2f2bdc17,1
0x7e5d8c2cc75d6ed23a96346d34367134e6240caf,1
0x7e8f800224f55033313ae10d1b4a86228074d9b2,1
0x7eb713cbed5647dad237f94a33fba8398b7c150d,5
0x7ec618a7d94010244538a9c2d425bca31b47c4ce,1
0x7f1375c8df5f13746355a57727b7a130d5104305,1
0x7f3a4459e18f3654152e618dc06df95e3bc7a104,5
0x7f6d50b20f80b8b83be549c0bf035f83dd3c4cd2,1
0x7f7421e4711b33fea816e4c26e674b7f954e6cfa,1
0x7fc98250d960cabd6a41f27961af42b252cc0577,2
0x7ff667dce01029f20c726e319f185fbe6920531a,4
0x7ff7c8a4b74a5da6e8d1a8d1991d9a8cbd6c4335,3
0x800a805fd5250e7faf0b3f6cfca063c456a01d85,5
0x80164912badf6eac252e11bd0ae9a793fadf9b03,20
0x8042d278c34769d0fc7ae639f976649b1ba791a2,1
0x8046f1a06478a151027b501caa65e841d87ec876,1
0x8066eaa9acbe00b9788e2084e4f615895915a616,1
0x80816b2a2f002c99b0db482fea747ade5d1f95c3,1
0x80a5ed61eaad082a0ed460a390c7459317fba167,1
0x80bd2beabab8011acf873bdf525f5e8ce6fac270,1
0x80c57e29700ddb9e16bc212b0c047c456e0085a6,2
0x80dbed90837802ebb61907173dbaa12e5be99611,1
0x8103122c61e5fb605277ff5b86962f7c9f4d548c,3
0x81077dea57decabfbbeb8648adca22d42d106c8c,5
0x8107ca3e5e1d0e9b0bda8d30fce57db28a2f3a1c,1
0x810da9349736281e33638800ad065858863f57ec,1
0x8118547d2f70f36e86c92aeba3c3fac4518d313c,8
0x815072d61676b81175a3ba3b78eceb05346f6a86,1
0x81d12db7027bf82cff2e11d4d0484a47ca066654,1
0x81f314399103dfefe88894678e5421d9d027cba3,1
0x8200a7aa8d01b9ba6bbe90bf216796054369cf11,2
0x821e02ca25e5b2004b80b7406530a369d9c709da,1
0x8225a2e4047e830ca6d1fc96736f4ff525bb0125,1
0x827576a2aaaf785678a7d882c63c1dd4e625d4a0,1
0x82bfb99308d5bf52dbb6052f801d8247de13687e,1
0x82c3300de7a9b7cad60ecbf8c243e8601707b3c4,2
0x82cff7dc12c8c7136ea07f292b0a7ed9aea7f34e,1
0x82f4f85d5a9d2d2ec3300737bea4088d1842d7e8,5
0x834bf8c756a9885f283cb899b40f24aa2dbefb58,1
0x839271ef8feba0466cea5cfae4daa991c3435e91,1
0x83b4cfed16fe41b61582c0ecb0d7713ba98cf16f,1
0x83fdd6e328ffa5fb665547d7414f0a2c0ad41738,10
0x840f815a09bce3d7b0e6efd57bba54c09f66b851,1
0x84252cc58727101456680e6ca9b29e3324f9c24d,1
0x84787f457639ec21fe7dddd7db522db82954bf99,4
0x84d2468375de2230efcf7c774e3647b4f5b0188e,1
0x84e3e0f568ed68b4f6827fe797444b3d5b1fd8b5,1
0x84f65c1e10dd1360d6082f91512e562c56c0129c,1
0x84f94d3c26518fb42db995b0f1ecafe9b4211e56,1
0x8532912c4fe91fa58f1b44a0b3030f2887f14acc,2
0x85637fd0835fadf5d97e5bb4b1a2b07f57645cf9,1
0x8568d06d03b9f01d5172d09c8758d7e4c6f30aa5,4
0x857d3a66bbc83155483385114d84e76ed9690d48,1
0x85834d8b820f4fc3e9240b949b4b5ee9a6125f45,1
0x85a3f22d0c9e50ca0995e9900ba29736645397c7,1
0x85a87e7d4337798928ec2fa8038b7efe327da6ad,4
0x85b26a4e380c64b8438492ab89f31999fb9dcdc0,19
0x85c127775f5ab692c3ddc175a24c54b4bc745c37,1
0x85ebb949f15b6fa4e8351aa35a39732fc240fa26,1
0x863eecb7f5283b5a6c56f7902961bbd04c347d85,1
0x86475093bff16c775e7b6c083d559cfcac223607,1
0x8674cc3929ebefb05ed3dc5394173a71bb2aee5a,1
0x86870b7d7b2680864c145b5f4fab9fb57ae71b4a,5
0x868f5eec91e6a3aa3884ba5184d4f5bbfaab503f,1
0x86ff1ca59a139904f96322d1dc4578a7b8b5dc8a,1
0x872826ce82b694dc0b152ad71e9119d255876cdc,1
0x8749caa62430792836053714a24c36d689cc1fc4,2
0x87561965ffe072e2e01ed46c038150d0e67a9690,1
0x87a0e60dc730942b16b1108fdf6ffb7f24ab4169,1
0x87ae9672cf172124fac96ff7834f6b4331eaf94b,1
0x884cc75eea1d69aaa6e97b3d37c520d9530cfac2,1
0x88b3444edd7c25155504d558e7ecf26f65d7274b,1
0x88b8df284fdc0aeeb41aca55eea41e28becc72ca,1
0x88eed6653cb255e03fcc3644befa52fd08c86a97,1
0x88f1504434a430dc665522a0a9c908d51bba81b2,2
0x89045aa34166224c1482da7830766f468facf395,15
0x8910629d78b1dcfb1e620cd9c95becdf34bfe8f8,1
0x891949f8c7cee72958fc84367353df75f746be97,1
0x893931ad842957416ff1ca7a65cdc18796c9ec17,1
0x89489bf0c22837d095cc9e1a8c090afc026607e2,1
0x896ec2fbf1e9f51de6dbef1888843d8735f16d00,1
0x89c064c7362883bc0031c7f28c6af3a2f3e2bb3a,2
0x89e5256ab7712e833b81e4d92a7d19ca2a01a990,1
0x89f9ffd891a722dc7b256d018ad66664180770a8,1
0x89fdb6e42065339a67c1d1babefe8043aadf2d7f,1
0x8a3ad80c4654621c9b7f7d69e1e183a5018e6220,2
0x8a3fbfd99dfd70e13315d33a8c80432d9f26e0d3,1
0x8a48a13da351805b6ffbc817a1cfa94eda68128a,1
0x8a5d99776871e968731e94d9ed874aa9171ae0fa,2
0x8a6f86a448b1e47236c522732e598b99897e5a1e,1
0x8a8d4073af6eef0bd0df681a0981a1ae7f155355,1
0x8aa60881dde54833fd2e2186ee7a9661440c16a1,1
0x8ac594ee41185d81db1678ee87d5641a6096a097,6
0x8ae65edf5dcf17ee032af2130ff4eab26199dce7,1
0x8aea5a9362336c8d5ff2fdf39c82d41a7289079c,3
0x8afca39c03930709301d6dad5badcd686236288a,1
0x8b0b1e97b96d1ff77d45c93dfed01ee7896f2baa,2
0x8b1d7ec4436269d9503c5fe63b0d6203ce2237f0,21
0x8b27e4c57c5fb6a51b22cd7ef8e4a67fcb139619,1
0x8b2f9e2da7f129256e2753ef124775d7bf55ad00,2
0x8b6c3ce25d7b07472c7524f1273a01354203a45f,1
0x8b7fe93af71cfea684e6b135b78b835006419a66,1
0x8bbc575b022fda8b874195bcb52542e3f63ae79d,1
0x8be87fe06267a172d07f3899585f9c6cb8445c8f,1
0x8bfe1275afb14aa51202058bad9ae89b1ac758a9,1
0x8c074ad2ad44eabbccaa227bfe651fe78f7dab2b,1
0x8c38d14ea4ffbebf46f8378a715d65353fc665bc,2
0x8c5a825c5bb24670f83816c24b58fa63791f8318,1
0x8c702a9a6e0cd14a53251c630743c4f5327edde8,1
0x8c9ec6a671c6819e84fb325604f73e321af0b5e3,1
0x8cd2824a3bd372d209001fbc484905132454b185,1
0x8cd8e4c60399b6a0daf31f0a33f12907cb8788bf,5
0x8cea8e4f5ed80724707c1bd1364488596ad96031,1
0x8cf2067f0095d95d99509e20c8d1bacf0b4de1ea,1
0x8cf8f9ce0facbcb02a4b25ff31fe72ce912f27c2,2
0x8d439d72598c12272d94fba0e4de19c8554c5db3,2
0x8d457491f0b3e19648acd94e6be287cea648fd2a,1
0x8d5be260fc9896db2a1105076a84333416d7481f,1
0x8d7af7049c2fd9cdd3087103014946fd722370a5,1
0x8d7e6b6fa951b15ea65254f92bf4e4f31b38154f,3
0x8d7ee51ec16a0f95c7f241582de8cffb9a4c2293,1
0x8d88b330f94d0aabd899b60ca8f3f3b21cd0d2eb,1
0x8d91a0535c0a4233e21ffdf9039a8796b8e11a9b,1
0x8da6244b0713600e963d8bfe5617e1f2a4a1a4a4,1
0x8dbfa6615b912052b26e0ee1b30c0cbba6f4d308,1
0x8dc8c3c488c17498ba67931c80ac0ff9527e1bb7,1
0x8e0f45ebdb09f0ccbd1961605265d5c12b363030,14
0x8e1a5314e3a25d276df510d1d2dcea90d60dcfa4,6
0x8e296b284bc6066668dceb977937dfeb0f59dfa5,1
0x8e694aa51cbe017a2dfb616f001f769f33629307,1
0x8e821244a3af3ed9e54524d94a8004042f97a19a,1
0x8ed76a4d630b13feeea24da0fe9b13beeb2d2342,1
0x8edc83f279fc621f76b634180bcee47a21536e78,1
0x8eee7f56f8e6d68e124d344850282ee81a2cfc11,1
0x8f2a0778ee97dc79ea4fde44bb8ca1d3e0b2be63,1
0x8f2a49d979798aff09a7f4036dd4705eae2581eb,2
0x8f59fa39d9612b0f8ea0d0d28961ec0d535f6799,26
0x8f5f7492d253a555307ef9e1c9d2ef98b0571d04,1
0x8fea08539c337840353ec04c8beb0eb2b2b0c9bf,1
0x8febcbb6c075f85a68990bb2c1d40016a53dfd5f,1
0x900a6dc37cd1f4edcff1d4029b63c3d6d44ebda4,1
0x9019d2f68517d3433b41055ccadabb20cbc8f13b,2
0x901a1f8a045f095de2efe493c6eab0d896f78111,1
0x901d696d7ab386bd9622b46d2ae8acb6d44c0814,1
0x902b13ccf31c7add4ca20d311031bfc98579ba41,2
0x909005b7ebcf7f1feff17d2b6e5b76d22d211d92,1
0x90a327680abf4cc7ad8d0b176a66d94ee58dcf83,1
0x90d522961d174f144ea324b517f998acfdb9a8bb,1
0x90d8a72dda223e57f062fec083fbadeb34061463,2
0x90f666db9111bce1847e607f565e7592b7bffcbe,1
0x91aad13d7b1cd7a3a24d5907f81e509227b14ce3,1
0x91ec4953c7b2f06a0b1e0c1f849a1c65350ebe55,1
0x9224bbb4e0fbe2f2f8fab55debc41eb21fdfb804,38
0x925640c80fdb65fbe52256e4bd4425e9f10f77ab,2
0x92601708d4cff292c7877b7c982e01e2f0d9b89e,1
0x927b25665af747115ff09e033a200dbaaf43cbd1,1
0x92981b06c9152573c5ff9283e13bc8e69817fb0b,10
0x92a69be61aa6e6d5641210da074f6d82db08db1c,1
0x92f28907721e73047e4808eea162449447481136,1
0x92fc8ebc26abcea3c8dbb8749c2268dc0dc40cb0,20
0x93056cd8ac399fe2a7c820f04d871c7a8cf34363,1
0x93132b1bd15868d1f603141b642d29d0ff184f1b,1
0x933c229686943513f3e7688e08217f1174cec3e3,5
0x934cf2cce2128554fc07e20212b72ffeb63a3166,1
0x93721d340c48a77d247ac83d915e4719283ad0db,1
0x93836d823ffe60d947c5db0861d3dbe61c7c0acb,2
0x938a49e24fd7a26149dd537019078d8a8f919290,1
0x94061de68771edf8409a2d5f6e008ebe89f57d2b,1
0x941b88d8cb75a0deb054c0ab1cf063ddf0c8718e,1
0x941cc888df695bab013934654621835467286572,1
0x946ff8277630feaaec2242a8588ba2140a8370d3,1
0x948609d4d5fb360646c01f3b2a53fbb527f10cc5,1
0x94d1a23658cefb7ee77b36a67ccf204dd1ed0b0b,1
0x94d79956980827cfcaf22784dfa3f0e7be50ca0d,1
0x94ea280c296b31d180fd6f7694c91ec79cebb500,1
0x9503cd0f532b9254894e2617f5b298c2ce367218,1
0x9504e092e2c59f2ab3b36012000f2a9681f6f39b,1
0x9574b49d5b5cd58fb77ade13f1f122737187ee3d,2
0x95a7dba81791b4f83c6acd567b304c22e664421f,2
0x95aa1bfcaa9b348ed9c686b0b990fbc4bbc7afd8,1
0x960104c1ef695fd9b7ff0beccc2326a7183fa04d,1
0x9695cfddea925e36dc656dd2d078019e14a95ac1,24
0x96bf51e9f54c88924032f9364fcb2004285f2cf1,3
0x96d9650c0dda08a91cdd9113cf3796ec4b4d627e,2
0x96ef16fd28f37726ef994587dacdaba1dda803c2,1
0x96f849a638576a818dfcc0e9b9fad90b71dc6e09,1
0x9702b2761c6bbd50e29ec7e627eff6e6e6c2284c,1
0x9727e451546e8d2103d432967796904164477d9a,20
0x975a84e2229ce319c46f83371b247d7a2fa73559,1
0x9766959d8fd4b1fd2801583a95d8f6fdbccc86bf,2
0x9769d426226e071fb65932d2fa5b0c48aa215e94,1
0x977cfc0181221e77105cd93ac837101eea4df48e,5
0x9796b9443a3ffbc60eab64f33e368cc19eba4f33,1
0x97c1837feec918bd2db0365dd075f8efb3eaace2,1
0x97c9fd3b5a7b707e38fda5554c056f174cb07981,1
0x981eaee90ead90502a8a8d08fe30fd153dc234b0,1
0x9837cba6b7cf2e0076aa69db54e580befd829649,1
0x9846963c32f0d5a0b3025fd9bb47575ea67ea2fd,2
0x9855b1a1ad930b8931a20d145a61b50e27c80b1d,1
0x985e7d678ec6053edf3ba421b9ad865127f0aa9e,5
0x986c012e09861249bb42f534a9204a257b443311,21
0x9887b8a790cbd8789ff21b58ad73abce06e675f1,1
0x988bec59105938ac15f3cefa6e5a6f3c675d33b8,3
0x98ba7996a24a4fb13284dffe5fe873972b19b3a2,20
0x98d0845b7d5a63a179059e01fd0132de0e494133,3
0x98da6299e5e15024f5c7db85543adca5cb4031cb,1
0x98dee387ee185f64eac0b2e8c17efb299a1c4b99,1
0x98dfe635a1cc2605682f7964ea546ad8df0fddf8,1
0x98eba8376531f738e480a9b49744c61d722694aa,1
0x98ee235244a99fde7aadafb0c0fc77845d9e055a,4
0x992e8c8e8caa63f374e579d413749197bd9aeb09,1
0x995351a4adfe7d0a2379f67b7f5b179805cc2982,1
0x995e7e5058f556f2c249876ff303f8c3b4834726,1
0x9970eb9f75fac52324f4f4f1cf3e33a637451200,1
0x9993131e9cb81ef7c3f1f847c17a0678108d9c16,1
0x99ba2169ba23671521f231925457bc4782a54bce,1
0x99e3ee9e78a7c772310e2a2e62508f8ed357135c,1
0x9a1ce75b19eeb50a5644b7802022bbe1b570c7c9,1
0x9a6fd39a46d62409ec69dc5274f4f00a5878ccf4,7
0x9a7dd031471f9f48ff73ce0e46ad7acd055fca0c,1
0x9a94d74f8883d25b86702d15c5119af9ffa1ad60,1
0x9adb9bacc12b3db80e4cf5715803d16487b0c87d,1
0x9aed0d303daa61cf8a0c2b218ebc1f87760dbe88,1
0x9b0de5739e6c71ac8b1371cb8e450b41b26f451e,3
0x9b15a699b6fda931378f7c43d2de97ee939d34bc,1
0x9b1f92b7e9729bc1e2202f9dd17877d531e6b2f9,1
0x9b21b2c2a31bd7c13ce9c0e9c454e86a7d1ecc35,1
0x9b442e607994718274fde1e738830f49e2a2edb5,1
0x9b6125d9e58349b59e3a76cf438a0b749f63ee07,3
0x9b766134b57311ebeb846f935db88cd33a5fa180,1
0x9b8302bdc01c530533c65294a51b3ae4a88ad7c3,1
0x9bb16ed3b9f407e7c4f9149f385efc650b9e816f,1
0x9bc6a425d0d5fea6005400052ee679b30b1e2dee,1
0x9bc909615cf1f0b10eb888fe7bceb668efa4b3e5,3
0x9c6606338268f9aa9a44398b5d522fe8c3cbdc11,1
0x9c6fc9af16a438852690ac274e9fff08c8584097,1
0x9c74a256452a09312d2ba4b2bf42f23c6b998117,1
0x9c83253d358aab7b7f4b8447714033b461f56e07,2
0x9c8bc383bc107f87c80a977dc34c65938611f987,21
0x9c9326659e522123fbee9c1d827a77cbd7ea8739,8
0x9ca64e0003ff330d4ad3ae879cc04713a0004cb5,1
0x9cfe4d4332bf79d2759f431bdb21b12926fc1fcb,1
0x9d15d5bbc0e60bcb7424237f7a4074c65fbd8cd5,3
0x9d23f181915d005d3fdae985c222c6aacd85433c,1
0x9d4bab5ea8abca51b5436a5bae92e6f5630ee398,1
0x9d666a7d5073329cb8adc4706057e42724448c0b,1
0x9da0b2d226f72855ef49ac08992990bdc147838b,1
0x9da288ecfb1c19264a1fcc8431c3737a432180ed,2
0x9dafd4034bf9a3756f2b3e1627d048687e9988b2,1
0x9dbf67f2aeda7127d100c8fde5b25afbf7e51d40,1
0x9e121698d68cf4c2b34202ccee11ea62769a8bc7,1
0x9e128f1e22121c64f233d4e01d9c52d354a3935a,1
0x9e3bcd5b6ced94b409c8e010a57525b1767d4a6a,1
0x9e54a276ebc72adfa35a3f4b92ce7b5fd005306a,1
0x9e97bef0a1b29ae991846c3de9a1ad5b1a5d7c0d,1
0x9ea93691562f2f2efe585b3241116ec2b2d6bb56,1
0x9efbcde2d37efa672ff251cdc3da1f1a4c6c809c,3
0x9f1085006be953ef8fb063a1d2b4944106c7bbb3,1
0x9f14ef80b4743efbfdf80acd393ab7303eb409a4,1
0x9f1511784a89048f8ccc4e845d62c4aec30e0028,1
0x9f3c628383477493994a95c8fc90edbd96b01165,2
0x9f5c88719f4b181aa109aa8f2e24def7b40762ea,39
0x9f8e5828a7608f3fc785c3c6f70b4feaf593b6d2,1
0x9faa77550f4a3d1d68d9136e5d1565f18b08e002,1
0x9fabf7758a89d22135148fad03af9a715f7984cc,1
0x9fb71949463d941d718d95d9c0ab0ec7d5098957,1
0x9fd431d36be0df715b0c9582cc2d1ad9b771585a,20
0xa03fd235b0288ce97557be100ea1acf760dec54f,1
0xa0631575297e250c93bbbdc59ec520c9eee9d7cd,1
0xa069f2204cab4862c861925ad40b113d158a5e2f,1
0xa0b240701263faee10acc4a00096d0a6546bcbbc,1
0xa0ba8f9a93ee940a2414fa0ed7b72f0587647080,1
0xa0ffd9eeee9157946b5692deed5b0e5c6ed5701f,1
0xa1112524c8aadd762cd4d2a7b3119af3720813e3,5
0xa11de12f28d917629b387bab2ae5553797884f40,2
0xa12d007e1ef2f4b14d5dd92a6850a98fbc8eb212,1
0xa1414b06d0b6c7ef3e36342392b468ba5cf47f7f,1
0xa152b437825411dd03eda694ad5c00897be28701,1
0xa197aa2f5a277e8fae978a0f538d06a69bac4db5,1
0xa19be54c81cb7679781266109fd567fe21f2603f,1
0xa1d6e76d52bf0078fc659470477d29754476892b,1
0xa1e0025bc7a8a6593e181358008722d6b1df8130,1
0xa1e83a8a8a450ec1160db833437962a63222aa43,1
0xa1f2b8bf722de740ed15d541f66644b607158ea8,6
0xa22242dfc589b4508ba1c2d9eebc37b73cad4d8a,1
0xa227b5ef06410639d4985d6be693352b71b8a165,1
0xa231f77de3956069ec90a78051576d0e836dc414,1
0xa24e3e4479a353817f6ddd7460a8cf93bda0c2d7,1
0xa2658554b8c6fd151aa58df4137db83a25689be3,1
0xa28cdd60bcf443ea117659013928cc56aedc572e,1
0xa2944098ee88b83b10f13194afcbf1d72916c58b,2
0xa2da1b49191d3d26481842081a32b1e9c4577d7c,10
0xa2dd302b997a1543593dc61ed418db5c5c6ad458,1
0xa30b6212e131d6e9aa8bae98b9f711c393ca81fa,1
0xa3296291057430b594aff1a73a24567747096562,1
0xa3692b79491d7868ea3353a16e05ddbceef657ac,1
0xa36b37fd0494857579ad49faa824fc61fc55676e,1
0xa38a0e2e1c751371bbfe18e6a79bb835cb679102,1
0xa3d7215bbd6ac27ed77cf5aa86c7ff4c37348b8e,1
0xa3f070baef828f712f38c360221b5250284891d7,5
0xa40de37bf010ed65cf25f2223253e5c59c1c2d4c,1
0xa40e007547624934bbf5ee3cec3f271453fda19b,1
0xa4186efceb75082bd9fc85cdb5feaaec966e3e5c,1
0xa41ff345600cfec904ec52496c394df7ac9f80b7,2
0xa43884ffd04774bf8dd06e2e4aeaa59be4c7519a,1
0xa48234c1492e0a39730224fad2637a93d13f0332,1
0xa4a7028b3b755cb01bc313b78780fa82c75d2f96,1
0xa4d7fdb7a8b67c336b42721bb31991c29fdcfd53,1
0xa51b7d35376809156528108e6c2e2f200a24fd42,2
0xa560201306d563485dc83d0c3d0812e576c2b395,12
0xa564c9b0a4269c1ff3fd11b2f3c23de5a5fdd782,1
0xa57115fd327ef4b7342d86697e047ef12168da0b,1
0xa5aa8b8b6f7a226cf7b76e91c882c5ac1de757e6,1
0xa5c2164bee8a08221a235affa59f4b0471bdc59c,1
0xa5c8c972311de64d8fb003bedad5e584b13f8299,1
0xa5cee12cda7d21e4036863faeb80b6089cb6a3fa,1
0xa5d1a80430f498d69232dc53b5e13a71fdd2675d,1
0xa5e421262d4e4188092ce935f2ecc5ddf6dd71c0,1
0xa5e487d23f73f6e96005e2a3e7c7fbb797810a3c,1
0xa643a8275ce07196746d88f0f7a1d3a87f1dc6ac,3
0xa651ab767dfd8beec267abc3b4e7f29a3300fb6a,1
0xa65222240dd864a1796b318a891d2f50a6f24df5,1
0xa6767bfb71e431010a2b4530f8d48052fc3011e1,1
0xa6bb4e23c5e78c2c57300332deffc115d1d9969f,4
0xa6cf0e59cf30d54123bae608818a3d95b9673c37,1
0xa6d77e7c097e6d04b9b404a87c0c4629bc025635,4
0xa71b1cc3e4c766395681e76f20f37b48bc53178e,4
0xa73a774b5c11a3cd444701ab60f6b503184e02c2,1
0xa7563ef3207dd49e88e533d34b2acc8bf79e73f2,1
0xa7a84e9c1af418e025e2816c0c292da062f6884b,1
0xa7b39fb74f670c0b293c545f4e37c61071e47615,1
0xa7ee1bb45a3abb04a8e5004aa9b74d85c0f1d6da,1
0xa7fffe83a34538494d125bd443dd789b5d00ab71,1
0xa84ca3477ae192f44042abb1a25e0cec312cdd05,1
0xa86abc90a817a5c33661af7eed5f3b4fa8b05041,1
0xa8784eb96d441a7ee8eab433cae1ab95518acaf2,1
0xa8c1454b4a6c4ab749ee404e9e702b2c716d4a04,1
0xa8d53167ef43042de846d9f06e276e411b03e083,1
0xa923d3e218539fc41045c7eb3d41353c7c14c908,1
0xa96b4fcacae1d4284774ddf3692101e5411e9137,17
0xa98dc6d6b164f40f08eec1da41a717223392d7d7,1
0xa9a3731ef0261b7d42ae6a406b01d425e46dc4ca,1
0xa9ca9fcfdfc18b7a0f42c0495ca0880f1f89abd8,1
0xa9edeb7d5e62c8bb03f5364bf0afd7f7864304eb,1
0xa9f7bffdf0e1d137a9c0f2e73e31c3f1b2521659,1
0xaa7da2705ddd87032951b024dff685176c2d2ac8,1
0xaa93f9db3291bdc2f47c67b1ddfdd5d7052bac84,1
0xaaa76986ede67b928d8c9ae57dd66f2275877f5e,1
0xaaad33c35c7177193db2a568f444333f56028f09,1
0xaabb03070adff7354565c3e97e894615f74fdb2c,8
0xab3639ef79c79fc83096787e688172b2a128f9a6,1
0xab76e33f7e30599a223cfaa64bda27a00445afd5,1
0xab8f80824fc189026cb887f22f3cd53777a374df,1
0xaba0fc5de15a9587b2f8923712771377fdda4d14,1
0xaba219a275396f5cb0b93b1e08d30c305756bb5f,1
0xabdd412ccfb8493360e0ef46d0851e926361d28a,1
0xac2924dcd3dbcfbf4ca634fed1a157d524d16372,2
0xac2c874f01914c89601abddc6320ee36bb396d47,3
0xac5461cdc878a72d9d8ce734a4eac1d4aa147364,1
0xac7cb74458e93190e43bb39f004fd0b67a815e7a,1
0xaca1814c39904b5bd0121a741a4998074c6f1bcb,1
0xaca482be867255a948bcb3c462bf70c424ebcab7,1
0xaccbcc15b2a42cf041d8f784769d6de74e3414ae,5
0xad2ac05ea0983f60b9e46b8d6f27ebbe1b0bd812,12
0xad417d1a6a067cb36bf4bb935d7ac9acda7270d0,1
0xad449f83cc8c731b3f9388eacdff4f39d30eeee0,4
0xad7b2bb00312492dd5bf30b22b6e3f4be50e079d,1
0xad7ec4b11c07b61184e5a220ae7b9ca75989f6d5,2
0xad94994a03f2d49a3688bb415b7af54eef85a17b,1
0xad9cd54cb1afcd03dce916b8fda98e5047620ddc,1
0xada8a4dd58a733cbe2b3d8c931cb4a754c21b986,1
0xadad738184361f707ea37561efe612d6e55c0c99,2
0xadff8bddc4c124c6c0310d3f1fe2a853e964e5e1,3
0xae1b47bce5cf0895804b38802f7e9f5203df562e,1
0xae7788fc89ef4143a52723f7e89115698985e71d,1
0xae7e061432317d51068a721bfa1e33e180bdf66e,2
0xae934209202d6d0df7f289af8394dd6c8e755a70,1
0xaee91dda215cb0a437d22242364cad6b73598f90,2
0xaf2fd31b60a8dc44313d65098358f37b738cd6e2,1
0xaf7063991c12b78047225db1501cc9d1e6aea3f5,24
0xaf70edd8aaa6a07cbbf4e5cee0c73b7f8f5c0ab4,1
0xafb5382804ea63e8ed87ee1a7b585b3b9a1af219,5
0xafc675990679688259f1d78e2e680dd35948604d,1
0xb00d51d3992bc412f783d0e21edcf952ce651d91,1
0xb016f2bdb728e25a210c6948a9e1a4e586ceaf5b,2
0xb036ce45d329ea8c58085ef4023e0e081352727c,1
0xb03b3aa59240bfac7457eaf457a1671c6fd0aae4,1
0xb05dcfe2c064007c2e2e272d68ad817829957162,1
0xb077b5ea319155957f7980d3428864364ef1ef7a,1
0xb08f4760c2f910bfff61f44366a321e96d5939ef,1
0xb09e7c7e4c4043274731697cef60e50ff4cdf117,1
0xb0a3087f8c1ae61ac5517c33f8eba94bbc3d5ef1,2
0xb0bfa24a73936d3b3fe05387d89e8fbba363c393,2
0xb0ff9c9b8f7d80f24aef49ddcf6b35bb5a775d79,12
0xb175d0907f56bf7f207b88af64e764df9a6e290f,1
0xb1a5b42808c2140804f5ce2e2dd2be0cee828513,18
0xb1ac9db0d6a1ec291f427ad03fc3b632e1e93a56,17
0xb1dfb2b6e45edf55b2b51b52258e34642aaff72c,1
0xb1e585886bec55deb4f968fcea2a6a12f7808709,1
0xb1fafd5bae51b56f9fd489e287482ab990c1d9cd,1
0xb22c774c635365e7db4ed26a63b3c0cea435e835,1
0xb23729d48ae68a5210638fbb467e25420debfb29,2
0xb239762dae82e4bae46adf08072340644aaf4204,1
0xb25cd9449afed2fb8bd55657b7040ce15465e6fe,1
0xb2611b98f5014c9aa5909344bd37caa9fc97f63c,1
0xb267ce60cd979faf681590034edb651c6fac6f1d,21
0xb273f2efdab32bdf5639b58a7993a096f054a7d1,1
0xb2754288ef6766dfecc4c8dc63b6c9e010ac740c,1
0xb27d332bbe3e33a7ca3d6adfbd9ca09e2ca7c8f5,1
0xb28a0023c2ce02f66e068026a2d81bdcbce402a5,2
0xb2b16a591f008757529980fe4bd750dc73fe379c,5
0xb2ca3835110638dd16196ed193a8d210b590fd58,2
0xb2d15cef3dc68ad5c9ecfbac4a13998a810f914f,1
0xb2dfeff2dde85edbcf5a26f8adff05542a7c08b3,1
0xb2e932480732f7eae7cc417ca4f0cde6d3d14a04,20
0xb2f2165228b80bf0293dc98c171f8ade9487e83d,1
0xb300c963d7f93246e73500425be41781d12b8e4d,1
0xb30f7bf69530f162033b1495b69f816b48be0f03,1
0xb319e3bd2e8394e62e96c612c6741612f9ce2aaa,12
0xb323652c2a83845b2c3369d5c793d7a5425c5b7d,1
0xb3254cbb19ac6d0aa05bae25a8d6cef1cfd726b9,2
0xb3651af9667e1c63f125909d1039076432c4e870,1
0xb381f6e902ad0a345f671be70c1e100095732b8f,1
0xb3c03ce1fb914d69838f4e18962297c1708ced5e,1
0xb3cfe8d8194abc396ae4fd158f6821da3655b9ab,1
0xb41624be00b5f92dd901976ec5f340e1f9d3e782,2
0xb44444e88ec7de694402821b77db69c31baf0bb3,12
0xb457c0c86da5a85ce8baa0d1f709d6bfde80c6c3,1
0xb47d35e150929013797271d4aa50ec403d6e66f8,1
0xb47f0052d7a4eeaa04afbf80700faedafad7c810,1
0xb4b1ff7ac52867e583c6f08f3f41f057ac9021a1,12
0xb4be179f9a5652c44f09e20d5a12984cfff5d10e,7
0xb4d03da57197ed497bf8ca6592a2b51461d7514e,1
0xb533d726333841b68cd9476f004c61c4e7663239,1
0xb55c0062f861322ff39a364aaf256a42e28fc5af,11
0xb55d17a1e777bb1c4ea2383569cc5760166246a3,1
0xb58511188b461fa0be8886b4e7f1b2cbcba087e3,1
0xb5b4a587e62cbbb6b09da3e7e3e1f3fb9434e7ca,1
0xb5ced6d58348e847b389a4495c85ca52b53ad482,1
0xb5d212f7790bc02512f07ab9e0d513a46e61b7bb,3
0xb5f33bfaa452deda15e375fd1ca0a02fb0eb97d6,1
0xb612cd311993357d0b982773f31fef9946c2e4d4,1
0xb61a4ba08a9e10f2468d575512ccced25c4e805d,28
0xb66f3580013776ffffd76a78020d7d5c8eb66f98,1
0xb67829ea99e9bfe538658627c9f2fd01885b997a,1
0xb68946cc087219c7b5612c8de505b0e21e6447b5,5
0xb6b38bf17fcbfae95abda87a38a444c528d2195f,1
0xb6cd5baa8792275e8ad3b6a51c697d2ec567122c,1
0xb6d788865fd41e4cc3cbfef327e59ea13491a742,1
0xb6e0fca0eaf22008a117ebb8bcf351536d37fc46,1
0xb6f548f1add0a901d1dfdd4d4bcd24360bfc4478,1
0xb701b6ad8c04087e5994f3b282c7757924326615,1
0xb71a67105b568a0f5e7292a06e7ede0ab55ba910,2
0xb77fdb6df5da718645a103e2cefb8f3fa505d706,1
0xb78dbb2cfe92251a4bf29dcd391a2ca8cc8c4310,1
0xb7c2c2d52f3720a5438240f134a368e2ea2bf63c,1
0xb7d36c6defdaa0d795d906cccab098fefa8c7515,1
0xb7d72465cd5d5e8f392fb19a137d9eed746244fc,1
0xb7eaab21bc25f22ada698163ec387ec78a6765c3,1
0xb7ecf64824943c8c699b2f64d6e923ed2d730de9,1
0xb803278f7b6b2414f140680f4046abf9aba59237,1
0xb80b04c2c1268f2a136db9d76a50eeec0d295d13,6
0xb812da58fd04867e7a6e88b494337e16d6acd8a7,6
0xb82fa0b22e4a74b5ddee65e866a29e63d11ab3cc,1
0xb8334edfbbd4d2171f49257c8cfdb33bf9d7ae8e,1
0xb84914f420b6de809ac1ed3d4427d90ed596b41c,1
0xb882042dba76a3472e4723eb7b3b988453f227a3,1
0xb88c11865c9db986c511a1e3467d7667dbd0965a,8
0xb899dffbfafbee0af837df09e1ef7b2014940cb5,1
0xb8a804da05abf0ee96d61f5e4bedb59e7f8fab2f,3
0xb8effe4cd13b9b269aba6be8920fd235a555bca2,9
0xb90e59cac552de424bd56979abdaa6ba1557aaf5,2
0xb94257cbf8d1520a20ecbea44e7b6c7a0a83ad1f,1
0xb957bc245456b03a7f39f4e81520126676791ca1,1
0xb9a4cb7ab23441c85822518a0d9afd828038ab74,1
0xb9b3c618f421e78772b6d1bf93b33b116bd68aae,1
0xb9ba79ab6f2fb51ad26be579821771f64c805389,1
0xb9c1fcad4b08433c753bbc7252530f96ce7dde5d,1
0xb9d34fe32fe007036e0249336334ecd04f9a7832,1
0xb9d41c7fc5edfa896c2e5aa7511062fbf989872b,1
0xb9ddc5197adb73bed27b8dcbd4e9854f369a2156,3
0xb9fb1c87d81944263633f981b3e13222afc0a2ca,1
0xba1569a1fe24343c987a0267f696b1ca0a94edbf,1
0xba1601c98934666189a47a98021f70a8ac36746d,1
0xba37a8d79ea5c1ccfc30ad73e76a93553066ecf2,1
0xba5f8df3d2e923f1d683f73595b6f50b45139fe0,1
0xbaa32518cd6a51029a59993775f7f127d5ae75f0,1
0xbab16d291fd84c4176caa291d2ea0c72c961b499,1
0xbab20965d91ae44b000a86a44c7ff92237752291,1
0xbab9c5d09faa86724bd54cfb89ef8fa700c77243,1
0xbb0a349a07ed1e3a2fa47d101b26dec94e41ec15,1
0xbb2146140614397edd543f6ce2244b6ddd342b0b,1
0xbb3f8b46a249c023f68bce9eb847e475d022fff4,1
0xbb548510197a5959100e2621b97bf25ab9f7de9a,2
0xbb56adf5e0110c4d639d6dffc15a841f5f982de9,2
0xbba66aea79851b9d62712a136daeea781d712104,1
0xbbad9a9559de19c7b38931df83187289fed323ca,1
0xbbb4909c80dc8063d525ebeddfc8fa3252539ab9,76
0xbbd2037b85e50496040d731cfca2ddbf84af9e69,1
0xbc44698c112fdf2b3acec3bf9593280cbf508aff,1
0xbc643e1b180f22f5a0db8fcb5d94a3d20fe65288,1
0xbc6786d23a2a96f8ba2c1237f5e663cec5412295,1
0xbc9b796c57e347a764cc5f18d62578267440db0e,2
0xbcc9e5ec5bfce295e0051079f49e8f2a9e07fe9b,1
0xbd08e631f40ce47dc31ef16fadd0ddde470895c7,1
0xbd219f5c1ec8ba4ca71bbe66dc5d80492b8cb00f,2
0xbd234679042fcb45ed26d65c46b47643c1f4a0ce,2
0xbd28c47fa6dfff89aee7e2d18a741cf4bc723175,1
0xbd381f5d9bb2846ffd1ee0fa0a386c15c46bb3f4,1
0xbd3a8c711a3e7b73efa40a12a35fa8bb92fece58,19
0xbd6675171067bc4359b1deab90e6b0be101bf6e8,7
0xbd6f88c02c262f7e409a1da44f7c222c0f3be0ba,2
0xbd76867eb4198dcc871ca3fd30817a31c38f9dd3,1
0xbda279be4620249b3cc74c27946730c7f76b9302,56
0xbe108df7a0f09821978269c955786f7e439cd152,1
0xbe2565b8b00071025af4fafa63103fe02e107266,1
0xbe32e488fadf490d268d1b45d7c985057a3c57d9,1
0xbe558f572ea24a6adaa4f691c9db8b45a8a7f887,1
0xbe98293f84697927c1c473e178aad5e056db9f8a,1
0xbeb441f4844797c1c44ca1b4717988cd05ea9be3,9
0xbf274aabd8716a9a322fc4464259c310f4d0b840,1
0xbf354796f99cc86866bb4d736bde006bdca2ed29,1
0xbf3ba77e0761cf31f5d0b83ffd29482c472a0434,1
0xbf79a431f5eeeb4fc78f99b7df1116738b63ffa8,1
0xbf98828ff08d11a9462200f42c89ba4887ec914b,1
0xbfaf4dce4dd8cf1b5f8ec64e8f4681fe0e1165fd,1
0xbfcd5f45d67be583886cd19f9a63360ee531af82,1
0xbffcfa739c746f22aa4f0478c8c224c9b853a9b6,1
0xc0166b8c57a976c429ea00b2b7a50d484b46cdeb,1
0xc02defdc6312104689935ec6c82ac6e3b6f28860,1
0xc033a0aab19bfef7cebb45dd6d76e65ece0e7c48,1
0xc0385c781b2f35ae0ba54c2948f4c23afa3bb954,1
0xc06bf73713f81192f2b554c40e06c370684ced28,1
0xc08581a041ffdc0fe6969d10c8d4ce082214cbd0,1
0xc0dd880193e4d219c30d69d0806ce2720a77b231,2
0xc13456a34305e9265e907f70f76b1ba6e2055c8b,11
0xc13b628d73a4ba9f6b74692abc23947f1bf2852f,1
0xc1578ec22ab586c914900e6ea28572e7dc683489,12
0xc167f35523ab70475946986b290fa516c2739e5e,1
0xc16bcd8ee4e7a848e91dbced5137a922ac6a9b0c,1
0xc170ffa03546bead4de80ed03f3b9ed925046b6e,1
0xc17d5ee51a3dbf979b1406ede26ed34c2d93ee2b,1
0xc17f770cb1c99932658f908cb47ad4a066714666,3
0xc1860383e4ea9c9f5625299e0dce2f82399926a8,1
0xc1a77d239bfdd81de61d92195910dc9d79d442a4,1
0xc1c8d84620a1ef47acb3e2f3f3d131f3eb618360,1
0xc1c9e5d91d212d1dff008443b6c00a0f002b1a9c,5
0xc1d3c53aaeff7f47edb32e3d4add52d90f02a28a,1
0xc1ec65c3fa366eb7272b396d8aea1599b68897d4,1
0xc21266d5861df35f71b822435e3a06b98bf1e417,1
0xc214b7ee70a7fc78f707558c0d9ad6803dcf14a0,1
0xc236d23d32dfd3454276e77148ae59a5d0203f28,1
0xc2876c0d3cbe6586be5fdc38359a471a311c7cf7,1
0xc2988f8f1153a5246140c5ee6a098b32088a6127,2
0xc2de8595ba1dfcaeaae261b590a76b369abf518a,10
0xc2f2a5fae4f3f4458af257f76d98328d5344547d,2
0xc2f54a581f639c4f9b79f847af0acde9b3a336c4,1
0xc32422d2977aba6f222f714ae20de87f3398c053,1
0xc35ad9f315400857629978bbd3ec5a15dca33cf4,1
0xc3802dc1432a8f731946c9ebd73f1281a7e23212,1
0xc380b82ff3f0f1254eec6662e6c2ec9877df0e17,1
0xc3831d5b0217092b4cb0f6c04adcfd4e3fce8469,21
0xc3c5f9355d389303c7a2a826d3171f985278dfc4,1
0xc3da3c9f9f9da324748f61833aba979533d16d50,1
0xc407ad086ab46ff752f557bd61fab4ee91e853ac,1
0xc41a4d89a45afe4a48ab2b62779ceb7e9f489903,3
0xc42bf2a3acfa4f2ce8e772a6e05383d277920ce2,1
0xc47ab25d9ac126c2539fb1a1066d4f6aa8ad1c1f,1
0xc48b5e31f41afba8180fc40cc76a368624ee80c3,1
0xc4edd6ebd2dec27d980e1777c2ffde763c0e741c,8
0xc536dace7c63e064f8c981390424e9b86313af80,1
0xc5607ce161cf2d634d374ee02fca357aba87eb63,1
0xc575bfc5a25d52e1225044f8a2c4de39075080c7,1
0xc5955e1c05cc760b8f83beda9c4a860d07568386,1
0xc5a2a43160f0333226d3d79bf633556a08931dac,1
0xc5ab28e4d8f52b1c8b74bde6f18737e79dd9f6ce,1
0xc60f80ce0507af9ad18b8be3c879825e5b0bfada,4
0xc61651df621103b490031a58bf5cd43459e84075,1
0xc6646b54453e39496e84ed478137c6631d208fc8,3
0xc66ddad75ceef23a626a3bd73987863ce4336429,2
0xc6a14efa63dfb3ba76b034ef6cb695fa5a5b1361,1
0xc6dcdb21e8bc31f53735186cd92d9685527ef925,1
0xc7050cdc7bc700059e4951239899bc1e003e1a04,1
0xc72a6592b150c56612e35d05024222528171881c,29
0xc783a2839f18da05309d0a7914d1544238132079,10
0xc7c9c10b05c8484924eb790a61207ba7be5c540a,1
0xc7fcc34b3d8c9fbc668b27e9f7bafa372cd0ed73,1
0xc8126c6cf2724ca8abea25f1c9d16e965dc53ef4,2
0xc83f7b3d60fc0d782303dfb17961c658fce00b90,1
0xc8425088ce86ce09c6be90bfd46a5a833f85c731,1
0xc848ea17cd8d01fee00bb4340c3c971821331284,1
0xc8776dd30f2400f605e5779f5f96f076ad3a9835,2
0xc89ce9f096ddb405359b22a4863a08e8828e88d7,3
0xc89f556350939b6a2aa572630d5af5f4f3a23456,1
0xc8a63184680ab6ff7a65579b1807560f69446e6e,1
0xc8b58719e09dc26888450a72b22f9e3bd82058a3,1
0xc8d7135357ba4cdc6e8bbd19cd21e42c87efde16,1
0xc8d855c8b90e6d3024720085cc1c74560723795c,1
0xc8f5c8d38f25b7fbed037bbc8926fed7f05a53f8,1
0xc90415fa53c58c6eeabfb318962244aad411f672,1
0xc90952e350175a6acb80954427633c9fe383e333,1
0xc90b4d703928dbdf528b9f56d4de40da4367038a,1
0xc9456c7b6f5b8aca91fa0a3f6e93e9bdda0ffaf9,1
0xc988250288f986d7c4617ab4563c82ff57ab6fd2,1
0xc99be850fe2007dc2c30b44e24ec024674583523,1
0xc9ad6ce2d816fe1c39664eeaf5249fd09d46ce36,1
0xc9d58c3568c23efe94cd0edb31ac271066153301,4
0xc9eba38331e5c9502c6fbcd087ed2d9c3edabe3e,1
0xc9fd7110a66f4d01b66be81f63a01d084e3c49d3,1
0xca37d61167dad8f2ee9ab37a477414fb3b38543f,1
0xca402240fe06953b0e0b750b49426361dee50e6a,1
0xca7147ecd715281b20cb6fe6e4f757f4a4b9a315,1
0xca81cee6ebb2db8a20251bf6f6fd973712d21923,3
0xca87ac5ff7266914e9ee3fe6873e5bdd203999e9,1
0xcad072a87881b830f49808b56fd9a658094a3197,1
0xcae75c62a01a47a6ed362f5429242b0ad93d4698,1
0xcb3a0dd04910dc6a4a23facfb5649568a46d75e3,1
0xcb5180df5e6ba18a72e0e97c68e446ca72c2aa1c,1
0xcb54a94e499f0469ad46eaa3019894f45bb816c4,1
0xcb55550a834c9eeb1672bcfbf9cfbeb3d4272eb5,1
0xcba0394ae694e007c2c5bc6eb56df678c05148fe,1
0xcbbb223f93b430380ab83dae29a1dbfb51dc73b4,2
0xcbe71105fa6f26861e03058f30ae098639cc0252,1
0xcbef658db2b16f2870bb9762b82a687e34adf9f2,1
0xcc037f7e123f5375f44e969ead8a964a16e4daff,1
0xcc0b7d563399901e1edbc826505ae5c7af4fe3c1,1
0xcc5df0df5ae5dc8e5e47c06e3eda9d24ddc29864,1
0xcc6f3dbd5c24ec8a5d7e03612223514d217ccf17,1
0xccaa27cea269452f0b5359dfb43a7d34994e4be9,1
0xccb43b9edcab496a62a3f40c85e31f9ccd3a78fc,1
0xccdd2cf929471b3fbc9a3092c33f4f631eeb5e8a,1
0xcce9863cfb538e367751eecfe8cff0632d7191c5,1
0xcd0fe03eb54f6ec1c4cb3ec7f643e16a891fb67a,1
0xcd5561b1be55c1fa4bba4749919a03219497b6ef,10
0xcd62f0da6eab7ce5b5f011ad577e0a69c561b50b,2
0xcd78842bd9bbe1307a888fd2c89f8bf754118cb9,1
0xcd9c92bea8c265a0aa4d6e599dfe11e6ed60ad87,1
0xcdcaec06a2e2fbdee10c4a259d81de3df82222cf,1
0xcdccff58088eb050adc5ce9a1ac4ec037bed24cb,1
0xcdfef3c9bfe00aa45da6551b26844c2619d23aba,1
0xce4fc0e835a0b8bf76042a78784a01041fd491b4,10
0xce73f5b5751441acee8d28cf294db1c308cf1d74,1
0xcea6c0a2e350cf34aa381aee643adb230e90ba1f,1
0xcec0b836e4f30ed051557c0f7daaf1e45570421f,1
0xceee7e699e892d372d08913a52d12afab49db4bd,1
0xcef2cf6dc0a019059127d6db47795f667fd164aa,1
0xcf288c26239a4e2058387923f374ddc00358cdd7,26
0xcfdf8731a165944e8d583c3c8ea82d4fac4127a9,3
0xcfe6ab9f66c0abba8081ff0789272ee4688a5d0c,1
0xd005c6d7ab98b8a8b490866da8e5f7c82f7ca905,1
0xd00f56d8b3853cf4caa0f3000cc77307fa129199,1
0xd00f573caedafab7cd6e942ae25316b11136bc60,1
0xd030e6d9c9d0951d7d0e902fb0f27caa66d65286,1
0xd0335db45177b9de038b7480ccdfe370a64822f0,1
0xd0404e3e339c1f3a491e061f576d7567a8d9a216,1
0xd05bc94e8717a25b7440adb41d754429a2ac4715,2
0xd06590e9198a98b51666323dabcc4d9d94fc4bef,1
0xd0775dabae454fcb7caef2052d9ab157a732ceb4,2
0xd088e13659271d6623be8b7a3ff2a70738bd4216,2
0xd0ab79653e1a46d20a65c631bf0b3667dc4b4e09,1
0xd0bd9eac5aec8ae0fd02ef5ffca2250848be4ca4,1
0xd0e703947fafcdf26b42dbb8ada9d09b18199436,1
0xd0fdbe2473f234ff26c78be39a8f6cf0c636e329,1
0xd136c1a2cf7b033093e449f72062b835254ab23e,1
0xd17a361c2f284dcd478d05dfb6109634c9e0af87,1
0xd1af5e753c15df016e9cd19a0dbf247457e6db89,1
0xd1c45be00e8c365c49df7af7e23df35ad2e35539,2
0xd1c8df0cbc0e8ba54d6a2dbc15436276bb87e365,2
0xd2128484f42772f928fe47e589b79cc8b4a5896b,1
0xd24c5e19a73a8977e16a0d2a965be7e023418086,1
0xd24dafcf2d066e2e7a2b7bdad631f8319bb7b587,3
0xd255d212929e8ce2bbfb341d046ac3b88636f899,3
0xd2abd7a3333395a1ed7e54c67edf43ef934033a1,3
0xd2d0c3ff10f36d663c81371fbf786233561e701c,1
0xd2e67fbee584decc515f2bfd501735ab8fc4b7ca,1
0xd3145e7e2e6acf6074a0eceab615d57dd1a18a3c,1
0xd34ae4feca2607cb23eb4a01cef7701d4505b78b,1
0xd35a3a363342b1ab717a4cf0f2ffea70b43c9df0,3
0xd367c168265ccbd7e3642ac7b650d83906476437,1
0xd36e568e3e3f7ca38a015398c233655fa4a5b2d7,1
0xd39e0b06c0b4b0e36adaf9f51b82f1f6253b21a4,2
0xd3ae7057add24a144dc5a4b9fc703706e2ae2423,1
0xd3b733587581a0e68891c84d0a9e693d4e17588d,1
0xd3c4caffe9f4a82a3da0466c7f0e61e0b41b30e9,1
0xd3cca5efb5e3039dfaf7821ad751f6bca68f041a,1
0xd3d51b62c91b1744400787aa940123b0f756611a,1
0xd3eb795111cc0cc3882649452f6432c72a748270,1
0xd401053b43242147e8742847c62d28adf2b493da,1
0xd4184d1d41541a1b9471347573ca039e923b1577,5
0xd4428b7bb5527d811a169bea4f67d24e9e18b85b,1
0xd470f41466be732161cb18dee06bb654fdfdd013,3
0xd47afdeeadb49e9a89cb42e7c4cc1d316007b59d,1
0xd47b07f300ec4fa2d1af66784ad56a86af95bd6d,5
0xd495a51a4f8e1f7f56322bdc75fafcc0e3a5a148,1
0xd4a5de94114f80364459b78241e69991c092dde1,2
0xd4ced8ab909969855daa9439396cae4eb675becf,1
0xd4df5c7d2950faad026214c0a0434cfe0624761f,2
0xd4ea1a1dd6b61673a2fe6e54d23c71e8f1629076,1
0xd4f15cc85c625edb23e218373fa5a0a738684bd8,1
0xd5672a13440ec0cf545f0f6eed0a5272187f0f91,1
0xd58e78aaf9f9bcf55762b42424a20301d94d9dc5,1
0xd59183c7f3a454ef2cc9aa5ace16c0a193fd22ef,1
0xd5b09a1573b2b3101256e0f0aff6c57de2a241a6,1
0xd5d11bcc45c604e469cf4cf9b7d29648903b9077,2
0xd5de570d7882ab581a854bc2d272acf03371c033,6
0xd5ee7be80e71fa28951864d50ffaabece1b89dd0,1
0xd61a569b7d5bfb1b33f8fedfa3ad1308ea76e58a,1
0xd62b7790d0b89d0c6634a7c05d8190ae4cb033e8,1
0xd65d2055aad6d1672f9b03ed2c9cb46a4b33a763,1
0xd699dc8bc53dd68b25aa87795957ff2abc6ca78a,1
0xd712b49fe916d5b3af66adbd0f5a56093e35edaf,1
0xd71a9857e4f92122b0285abb3e09870fa602714b,1
0xd72cf2ca382e312ab2fba615ce7acb7caf47589d,1
0xd73d79a154f18e78df23c687434187ced738d0c3,1
0xd745cef7ccfd1ee9d6021ae799bcb3e5ae5e00cc,5
0xd767f9b67e552074c07ad169b019af7fcfad0d39,1
0xd7698bc337fe3490b6bca2d72fd8481c878173c7,1
0xd7ad86f299f17f4ec98ced4df743466394ed7f4e,1
0xd7b062a926af1781e6a036b6b01120a450da7003,1
0xd7c71e873db553941262676811a0a16c0fa0dbe5,1
0xd7cecfad6911a53769e0607afe2ff82bc3c9418f,1
0xd7dad6b7cd2d254b50556254ecd28c986eac59a8,1
0xd7db1a5031382afd4bd7b051a2fb9d8224a529a3,1
0xd83021ae2f2138fdb841c4b90fe56820b7e1a183,2
0xd83276adc8b4a851d7c3bc2dbc349d13c66aca19,1
0xd841fdfc20198aa7ca8fac15cd6cae849e541ace,1
0xd85435255c6934def11df48fec276c70b319ff88,1
0xd85bd4df15ac7b953e1dbd9b1ce99594bb977f08,1
0xd87ea7892324dbe4992cc807b0dda9c6760f6003,1
0xd88d171600b3a58d94f10d12d2c57ba6c3522577,1
0xd8b4fb7b469c88942915699e569c86b10028b88e,1
0xd8d10abf300356c7915c8d5db33f0fbdcfd603c7,75
0xd8f96c7b5a31387e007ff88c43dc37bbf12f0732,1
0xd8fd35ac727b5fd092b2298d4c78fc21a7ba0b41,1
0xd9095673cabfa260445cc865f54b6948af42ff52,1
0xd90cd005975ddc7a41171f5ba81342f087e89aae,1
0xd92f7efe88cb777f7df86bd622469e3c04353558,2
0xd9390b46a1749dee5325a490490491db9a826d1f,6
0xd93d063ea72e03697c897d69b26f6ec41bdbd560,1
0xd93fc91f195670c9d10a55eb0f05a0ceaddb3be8,15
0xd949f9061166e6ef845476c0e8af17dff787e641,1
0xd95800af7f79f425716bb3abfc8cfad3aff17bf4,1
0xd9584055384e43824fd04f22a37cef80ecb9db08,1
0xd96e09913ee3e3afafe0921e2baf973aac8483d9,1
0xd99e28ef233b2b61020927e85bf89d4bba7e07df,7
0xd9b108394ce5f352f8f45db1ce2570d687f29157,1
0xda14ee9ccfe088c656d511c9955b26ee2b7ba595,1
0xda7170072532b91f7185e453b64a91a39503b21c,1
0xda73a58f632ab9a3f095a304275ad10093c1ce88,1
0xda81c8624488ded5de918ef7524014b8bfaa0823,1
0xda994cfc7e8b1503ecd481559762c04c4741ab7f,1
0xda9dd9f8550daade85ab04dcb99417fc223f72dd,10
0xdac2f5195792d7433112a348ac4b1a0261c66002,40
0xdb2e789c88ee7c485db65ca09cd0dfbbb7a4a404,1
0xdb440e169e564c59d892cc36b68d108db5740bf6,1
0xdb7f2f3a258774104abe8e9b79c013fb1101ac11,20
0xdba7e27ba90c77e0db2830e2c1c4962770d44e40,1
0xdbdb628736fada7d799581105d53c8b636e7467e,10
0xdc1f139b597ecbc802207a21eb91c018ef0be771,9
0xdc211b065863729c4553a294c863fd56fa91209a,1
0xdc45fcb5bd8453fdc485b4ca6f29e79e545730e5,1
0xdc4ed20c9920a8d04270555f2b038d786cf42960,1
0xdc4f6b5958295c757763ea47f5def68f0249fd98,1
0xdc4f83e9438b52dfa6853895134259d0d31806e4,1
0xdcb0c2474c0e173fe55c461b2158c63f5564324b,1
0xdcb2d9e5a8cbe7e82e9d26509f6321300abb0294,1
0xdd0f5e16d052d933a66b45dbe8312175c07d4d07,1
0xdd14f507232e2c244f9f23ea75c1bc2d5c7b47b8,14
0xdd527eba1ce80ac51c002eeca1bcc1d4216dcee1,2
0xdd7508b1844ec8fc27bea0e3a23e26e8ba47f876,7
0xdd7ef4664e9643c8c037015d24f2509c52a0b778,1
0xdd8625637675df03f928ffa2cf6875e71d94217f,27
0xdd87f1355f6bb305c9cf4a9ee0019cf06adc1fad,2
0xdd98c00d8547c7edc99a190a945b9d33c5d1e8ea,1
0xddb4d161e1b62aa1fbe58f47841c4886559e0b48,1
0xdddf6680a73dbbbfbb1303de42c0676873326ad4,1
0xddf7048e15c1e1b5e0877c7ea026ba06a2466271,1
0xde03080f23c71003d0286fb9f7282fdc388b579c,1
0xde107be772dccc0415ad26760292bb83d3c9854e,1
0xde1f20ac365fa7e562903cf6d63493be534dacfc,14
0xde261a57d1fe1f1426a0c47a065f0e07170419d8,1
0xde2bfd535920967697a7cc9d11f33b0e5683e591,1
0xde53d0a167724f80c6099cb8acd502ea6019cec7,1
0xde6c2ca2f7686b95b3bf34dd752e5819b15b35b5,1
0xde7b894daaec1609652dc6f50ba0c53b26e2244c,1
0xde87de2c94f90e314609d4ae288b9e652a3e6a85,1
0xdea752383f9b7906496e2ae5f33d66fe11a0b630,1
0xdeb3dd0a46fa36876a8bebeb10e2fb1021ad6604,1
0xdec34bad0f8372fcdb43971724a178c305e7d046,1
0xded051f456f5b8169240932f2b446a65d862aef2,1
0xded1203c83f8f9867e26e4ef45e0dc38834dc326,2
0xdedb02b1a0e2c302536e3fb1e19a581727035ee1,3
0xdeef48d15099d54c352ce734556c453d6b99e078,1
0xdf06a761d286c0ae835173236e1f12f1379e4977,1
0xdf232c7804c2efcb205bb057d3a683dea99cc2d2,1
0xdf2d8ec80957c5e528cac23f563313facba9deba,1
0xdf2e243c02e26bc8ea5ef68f3d786a54245c3b67,1
0xdf4ec4393727fc4e5b52f12e0e0b22f2522315ed,2
0xdf5bfb9a6247c58b3a28792398795b5f665cf3b7,1
0xdf7495fc2eaf599a8105044d480ad5c97488a5f1,1
0xdf75ee0f5063243d5a04a068c2bfa6e09d6ce1b7,1
0xdf8155f627598c360a552a1e2f53dd77290b56fc,1
0xe01785b529a708f4e69f4f0001042a1dedaab32a,1
0xe0182f58a7d0eb67b4fd4104e15aa43c1a00c348,1
0xe07998732b362dc081bf6e4e3e2653dd3f1960f4,1
0xe07bd70d8304ba1cc638286af4395de5004898b4,1
0xe0a5d69e89af860269f275eb08ac6837ad0fc451,1
0xe106afdb63726633ce251c3112cf773510d001f1,1
0xe120eddd8a1fea7d73aad75d8ed8406988b2c98d,1
0xe12bcfdffd67c7c2e27f36f2cf21c10b8a15e635,1
0xe13898cf32ec71ab338edca9a124195c578d6703,3
0xe16a9738f4026f1ea6351ad72122575142d325ca,1
0xe17f963d212801d80a8d9de7774f4b4993d1917c,1
0xe18392077885913818da08ef5889a2b6aaf63ccc,28
0xe1d8d29ba56043ee1fb908d805a3d5cbe49fbf0c,1
0xe1e5f0c5d48553f6d5420c4328cbb6a2c097a96d,56
0xe1e85bc7f068fc9cb7fb14722f566756445e9a27,2
0xe1eb9cf168db37c31b4bdf73511bf44e2b8027ef,7
0xe2047a315e18725c161205e151b669bdbb13392d,1
0xe206fec1e478efbc0878cb517068ece44fa3b0cd,1
0xe212e8abed471e32cc0365da8166c1f1f728d97e,1
0xe2267d7d6605a81b599096d07f91acf4f6f2b793,1
0xe23897619e6669836d2fbd1595f0119b93fded5d,2
0xe2517c52c80ef6742ef60ebaffa14bf23c906ef6,1
0xe264ecb7a72d28409bc754111dbb7c9700c2594a,1
0xe2680c6c726d2fbd9f8766e6c6d0bfd289414122,1
0xe271fb0c94f100fc7d035e087fca0e691042afe3,1
0xe294679252d94cba6676c239deb4831a7dea9da5,1
0xe2b31cbc530ed6c9c8d29e9237dffb308044fc6b,1
0xe2c4fdb22f3c2138a0e57e74963589538e79872a,1
0xe2d03089ab65e9e80746c941529163fdf4e1c58f,2
0xe2f0fd9e6fc511f3323ebf7fe28d39555352beb8,1
0xe34a48410f14e2779082f89f734b0db0037d59d8,1
0xe37878b712a3e9caaeb1fe57e0b9c150fb17a858,1
0xe3d15420001cdfc87b19bbf3d0d5a13ab597be47,1
0xe3e2aab7a3f59a0c877800768b51cd2ef5c91f6f,1
0xe3ef2da58784f172619251e39ee070644f8189f2,2
0xe412ac459567fe832a5266c66cf47fc3c526754e,5
0xe43fef1d7c1d309b237290ed9ad8131238d5b22b,1
0xe4870caeeec09937c9501e0751f93fc09653362d,1
0xe49506b8c74cd829f0bf097d605baf4c22f092ad,1
0xe4e3676f529ede46537ed8fd48192eccc36a2e47,8
0xe50bd9ebd5878e0309f5af18644a82b9c1da3c19,1
0xe5667da759cd15221d4f0dff80a8d99d504d0076,10
0xe56f6978aa1875f4de931a8c725010cefd92d685,1
0xe590d701ff47ca670d335937b66245874597c982,1
0xe5a3837ace3aaaedfa6835c5a93b09e92d64ae6a,1
0xe5ceb21672589c6c6895f6f22cea4717231c919e,1
0xe5dfe1a058f55b9bcec1476022badb4ae1e2e131,2
0xe6434faa88b1fc9d8815f83063b359850faa3a12,1
0xe683b78f9fbb70338268c4d7d19787bf83bf458f,1
0xe6a4c437d4ed5e8dfccedde6afd4792fc3e76d30,1
0xe6ca4736d17414312e189933e00ca67a8c05f484,1
0xe71045fbad07140dcef18afdb027f2599ced17ec,1
0xe7117cdc575eaca05bf957e81cdeb8a7b4d39b82,1
0xe71ce1141626d698a8df0f775a9fa98938f8f93a,1
0xe76e808b5873445d9059a51c4626992f560bef8c,1
0xe81ecedc20ffb03198f8a90852f3051972ae701f,3
0xe82f7a120110447e4c18c08dd4346a0369ac8052,1
0xe842ddab14760f8ab3cb9985c3f6c23331ca7a51,1
0xe849b5bd1fb9855311540a790374336d09c3f18b,2
0xe8517418753eae2c158ae413255f7dfedf18b2e4,5
0xe865ed8f255e200e8b3a28d2f642974b15d59f9a,3
0xe879b02df00a6374a2888a5e1802b5e41be9dd35,2
0xe88566e3e47f651f20773c62f9190654f3ac4bc4,1
0xe8aa24d16b79c38c7bc45d59ff3fda7f86e3b14e,1
0xe8aac745efd53a17034749da75613e37dc6eb47c,7
0xe8e3512bf7140a59d42e347c3b32a6fa404e913c,34
0xe8e83ddfc373bbbd22edf5a80a30ec7ded8f2b47,1
0xe8f9d64a031504a0c17222402f35c999be83209b,1
0xe8fd365c2784d905fedf8825835aaeefcc3905e7,1
0xe91e641623e580d9445b6d9e56911edc6b429314,1
0xe92fd96931282086011a692ad1c50eb65220ceb5,9
0xe93735deb30aaa0810dfda7fb2b0e2115982b1d1,1
0xe938bf66f987a76c5b27e3080146a7457f452c47,1
0xe9541e5c1c1bd7547f81e5c65a8613e786bd4c0c,1
0xe970c512a0377a51822184e4cdd06d6cb4adb9af,2
0xe9731033216adf9e7559d755a0c0c6b08912e677,1
0xe97668f701cadd46317a049d3b007dfc914625c0,2
0xe988b83b849675eb472a75579d46cdc3e04dba00,1
0xe9bb965a338785b56c1652cce6584332ed812fef,1
0xe9bc557dab65d26827b6805bc85b864294bef35e,2
0xe9e64e3b986513d023439d793a5d9bb79a57ca33,1
0xe9fac13d4b07654df039eea81555a8899c4d0138,2
0xea1dfad7714d7f995589dd8a794c332891256877,2
0xea2bd4e8b39df2e5ec757022d59e377b2b4326dc,1
0xea44c2f2a2d532d49ab6f55fdf52c0d560fde520,2
0xea97ebd3101f4794da2a08db59374ed674373c12,1
0xeab83157cca810c421c4485b73576965a1219d51,1
0xead374c34fabff814beb1817dd95f132a715a71c,1
0xeaf5fc9f53a31bf705f84d0861a02e370023b502,1
0xeb0dc6eeb8422ad34cc3d5bdb6c0541a6b062782,1
0xeb2ee5399b0c33084548d53f5660664795653bd1,1
0xeb89007481990d739c1ed98d210bddfb60e8f3bf,3
0xeba5a44937596429d8a8fc117fb6e514783bd7e9,1
0xebaee0c8058a093954c75fe87991b72ee6f9c528,1
0xec01c84e9f26ebe0678269b7f4a24010cbf53143,1
0xec7e1ecbdaca345686908ddea2d1468c522b8ca2,1
0xec818d7a7d6685ab0aff0dbda10dd8065e0a2707,1
0xecac190067178329d8dbc90d81a3798d6c05c03c,2
0xecbf2d79797c0adfdc790a4d6183422c5d48fa24,1
0xecfea68a750c1979f303d5218a37cb82429e7b4d,1
0xed058c76e19927391ead2f556b82e402faeac154,1
0xed1ab0420e1373a1f30229d44bbe3144f771c646,1
0xed1cb048c44e7e0dcef2483fcb698d4449418c39,1
0xed2a42f39582f19e728738b1145259416c36442d,1
0xed2f6ef8dbadf621f2eae4a6f295f9661869e082,1
0xeda06235131e22a41f496f3addd1fcc038f5c9bd,1
0xede89306da0f3c30d196f867d35e27dc5bcaaca2,1
0xee1140ab647bf0bd4aa9603376ed95a969243096,1
0xee2de24bd18cad5be61f3c022f2615995eb14700,1
0xee313065cf0a5b8ad17e66c79ba77912ceb0d253,1
0xeec9ed9fb458f06a590357926f8f752df06ae115,1
0xeee47c71d129314349cab7da63d4b6fc9daffd72,10
0xeeec3ad8773a980f42c50dc4167ae3f3c7be2ee1,1
0xeeff517294d2aa759274703a1b1c5ac81f9a754b,1
0xef13e53b64b7d16dccf006061f8ec9473d3ef677,2
0xef8ba03d64502e2cf24771e175688101b291aeb2,1
0xef8f858b65e91f4db04ae0c0b035e22b56d14014,1
0xefca44faf17aa84c42df4d8cba0c778b94e92eec,31
0xefd278683c5bbccd8223a93727e7feed07bd4692,1
0xefe5397283649463cf361cd249c1e2e157b13b37,1
0xeff160d87d41e563f2d2110c72f7a74b4c04c192,1
0xeff3f8030eea7ee0529c68023006a9c94057deb5,1
0xeffd27e08a63526a2cfa9c8bab9949b83b0956fd,2
0xf00ac99ac7ef95190ac1545e2b87770051986176,1
0xf0541906694ceab3e6bdb880ec71530f1e5759f8,1
0xf064eb62cc75f87fdef080836523edb6cfb874f5,2
0xf06beb014bdbbac2fec758913f97e7c251acc74c,1
0xf07a64413f9f4829387de8fa20defd7bf0080d9a,1
0xf0a5a3f35e41164090c482a0f26fb17ab74663c4,1
0xf0a6504cd121d599dba8c40ca8878b1080d9057d,1
0xf0a8404a0bd5e4d5dd646bd2d741c3965634ca40,1
0xf0e2f156e4bc6e6234ad8420acaaf4e859295af0,1
0xf0ef6242e28034b06088c2dfc42fe5f4ec98f196,1
0xf10fa5cf379c19201054e1b81777a05fe8714c03,1
0xf11459b81e04bb5dcbcd234215e44c09baeb3ce7,1
0xf17722ffa53a2c57bda1068a6890cda8d6caf110,4
0xf1859fe14dfb63f87c719db6bee6add4593191c4,1
0xf195ae9369cae55d585fd839ae9255b11c06b455,1
0xf1b10092ddbdd6be4d67b6355c2682110580eb49,1
0xf1b5a16fd4ca44be00fa7f04fe95a87beb58ba6b,1
0xf1ec8bb34a4aa9746b009ddc22870f402f433e96,3
0xf1fd0b079c3abdafb7ae85598f9737b4edee86a7,1
0xf208c8d2a3c6375257b5cc7a719d89e6e7aeb7d4,3
0xf20be1e4c11311f67294af6e5d6adc4ac713d18c,1
0xf22959d6147454218ee63500902e04215d2ccd77,5
0xf239b838554954a892089b59ecfb96deb72244d8,1
0xf2598b0082fbe6af0d8bd23013d0918a7e5e745c,1
0xf2753765f572e5862593a6b0be1188965adbdf74,16
0xf294c73ab2d445cca9099e2ed4cb120878ba6611,9
0xf29a2c1980728077b4a3e0cc22fd322d4cbf10f0,1
0xf2af8051c311bada9022dfdd07de7f548c829fc7,1
0xf2caa687a00db657c1efd31b887925a2961fe54f,1
0xf3258cbe5bc428fd861c2dfccf70c8664c5658fe,1
0xf329d3d60678c5c088dd993d3327b15597632695,1
0xf33fbf193039e93d297cadd50c70bb2b7e85979a,1
0xf3e3cc8dac9439c92655bd2671cb2097f2e6e080,1
0xf3f78c87e63c73d9f2ff96d6d45678730c29cb84,1
0xf41c3b75ab6de416d0ee26121bf0f7a8b115a9cd,1
0xf462bfab31a7c858c2b16970911fa952d8265413,1
0xf47a185c46d5c22a2dc8412c81f29167931a7b62,1
0xf47b489695adced45e82eb19cc05b54d21a891c2,1
0xf4b6ed0eb3b3a14965b89deae48238ff41d0c4a1,1
0xf4d181e1e75c41224ffbffc1b0758d2997724d9d,1
0xf51f84582774ff4858527ea8c6de651e7448a966,1
0xf54892fcac0a281671d81ccb3f083d1f0ac12d1b,1
0xf54e5cee2fe2924f004166a7880cb90d0a4f27de,1
0xf56001723d00c15ca5c390fd38d1786d34f0ad48,7
0xf588aa15cf939bf68eaad06abadea1842d252d7c,6
0xf5a87382375afb2e4f3a09fe2abb518abd6c94f2,70
0xf5c0f439e0c2110d714d5f8ade780d178a7fddc7,1
0xf5c4414ec8ed72f57da8ce7a4978e45992d7ad41,4
0xf5f3ce19f4ca4bb2a9dd108da7fbc4078e64fd86,1
0xf60f6d5acfaae09e666f0efac21b29290e4a9109,1
0xf63d63802cf29569b8347ffe8b35fed9b497ee4b,1
0xf6898010ecebdfe462deaa03940147a224ccdb37,1
0xf708d31f19771c5d9cdef3730e9e0cb35475cc51,1
0xf74662c9163d8d71d5f589c60328fbe2944cc0eb,1
0xf7a526065052254bdcc4e184c5e405849732de94,1
0xf7c52b1917275efa9852e25dd84ab6fa2eeb9039,1
0xf7e74a9a394226058e14bfc17deafdb76eebbb25,6
0xf836a3cec271fb802b6d1d6a47d8841723952d0b,1
0xf86a1bbaded4f7d387189b5441584b9025c7af4a,1
0xf8a5f5bed519e703061bc2f1db7d717252a02155,1
0xf8c6eb0650a8afd7907413867400188073e4ef2d,1
0xf8cad2fedf17d84b9c36a898b9feda0a2b4292e1,2
0xf8d9d7250f03d3fca5e51d5989ed4ef11503870c,1
0xf92d1d7ac7e75711bdfd70693a25dcbcd064945d,1
0xf94ee32f98b21c2058240692a7c38c49dff0f55a,2
0xf9872bc9464aeadd167ce1d88ff0f9d10607d073,1
0xf99bd4ba344a6c13ec61779b0d9d82bc1ea46db9,1
0xf99bff640f8c09384629ecda3244dca24b10b979,3
0xf9c2b3cde56c23ea77128b0c1d552e719410f9a3,2
0xf9d35ace720b7473c50e340fdc945247412ac73d,1
0xfa3d74558f147cfb59cbb55a808560c4d3118efc,1
0xfa5c510329ec87957d962940f70ceda33ec4c3ca,1
0xfa8e2f4409a46dc40e5ae103b5369190eb8a5121,1
0xfaafae0b5d7c00948a059c7abafd9866d093e03a,1
0xfaba6460426957a34a38063845e56c93d6b1361c,1
0xfacca872081c1366e8a8f5eaa67f69b734d947b8,1
0xfadb9745fd298d9a4c5690dffa27e028bd4d1c19,1
0xfaf1da3b800cbe126721bdf46a3b102cbe43f0bd,1
0xfb16cae092341cb0efecbaa4d6a66b3a9f85f25b,1
0xfb24888ba172d21246f7a1d3130610c072daa788,1
0xfb284fc7b39893e124fda1290c4a55546501e4e6,5
0xfb330874b43f0a77d8edd62e2e1556c9158a71d0,1
0xfb4207e5691d37aaad1b2ed4d5817cd4b8233880,1
0xfb7051ae7112e6c059057ab764f2a9f432ed6b4c,1
0xfb9067fa41be58d6bb5c8182c1e2f422c3e8db60,2
0xfba2c5fbc2d491c76ec7f5dc18ab25e209085f5e,10
0xfbe3723b28de25601665b36613edfe0ae72f8a8b,20
0xfbe59e70981db5edd6c46a5ed54831286350149c,1
0xfbffc0e0d3fcffbe5121d3daac2ae9b6e00b95e0,1
0xfc6dcaca25362a7dd039932e151d21836b8cab51,1
0xfcd05a019dcdd62520e43feebd0dd81d633359d2,1
0xfcf3b42d743c781741fe296d302f733ec9d18d81,26
0xfd0b55ff8f69bb2351c1abbfec764cb9bec1da36,1
0xfd219b0a8737a683b110f40625903bc13fdd41b7,1
0xfd355fdfda4cc43f3985164a7440b8844b6a2990,1
0xfd48d6fa83db9c115ea5d0f3a2e6336e87df4464,1
0xfd59e1eedd41b8c91b0a305db61e43a599aa4b55,1
0xfd69c7b429fb5072485dbaac232ca59a742ded59,2
0xfd72b8a8662cef3b8a63233ccfe5eebbc95c9354,1
0xfdce3ef18d25495b0ea83c65a52d5c7b3c675d35,1
0xfdf0ef4fcf40812dcf8db5c2a6b49473ee114d1c,1
0xfdf54e6ed1a95af4409d593f386043ce25cd4b6b,1
0xfe073969a48437ce72432b25e32ac52573d7709c,1
0xfe25fe4718a4bee2ad781fdd26552c6ed7b8fd03,1
0xfe4c4dcda5efa2fdc39d0270e1da3c889fd28e23,21
0xfe7a7f571a7d59bbe9537304f721501d662723b3,1
0xfe80cbf017d8b78fc301bf699b7275532bc47497,1
0xfe832f1c10be7f5f0eac4e3f2d272d6ff89b219a,5
0xfe8fa8efcb9e38bc8c02162845436d71b15faee7,8
0xfea8a62bad0b99cfabe1376cadb3762b7fac9277,1
0xfed28a6f23ef46c9b9a3c7bd7af061717dcb9e6c,1
0xfed3bf1711066ae63cc35b2ba719f3c33eb7431d,3
0xfee069692c5a48ede946900ad8ddc13e76ca2f3f,3
0xff11d4b93cd990fd93233f61a32509ce70ba11cf,61
0xff1f92ed2f69e92f1b6fcd38bfab77a0747b54ce,1
0xff400f90828e27b54d7eba94c4a6e454147d293f,1
0xff49c0945c25c2954bdc240f9a4c9a6b7fce7e81,1
0xff6789a716cf52a14071cfe8fe3aa2d675394ada,1
0xff69634ea6055a1209f40a8baea054f96a19e771,1
0xffba59472ba698d8b0da79764cd7f73be00b7a3a,1
0xffbbfc19ac05be6111e1702dfff4f5801992a9fa,1
0xffc58a61d1a577aec7486e6059856d33b48d6f29,1
0xfffb40347816873ca038756cc87bc610144166b2,7
